390.0,4.07678E-04
390.1,4.15936E-04
390.2,4.24353E-04
390.3,4.32933E-04
390.4,4.41677E-04
390.5,4.50590E-04
390.6,4.59674E-04
390.7,4.68932E-04
390.8,4.78366E-04
390.9,4.87980E-04
391.0,4.97777E-04
391.1,5.07759E-04
391.2,5.17930E-04
391.3,5.28293E-04
391.4,5.38851E-04
391.5,5.49608E-04
391.6,5.60565E-04
391.7,5.71728E-04
391.8,5.83098E-04
391.9,5.94679E-04
392.0,6.06475E-04
392.1,6.18490E-04
392.2,6.30725E-04
392.3,6.43186E-04
392.4,6.55874E-04
392.5,6.68795E-04
392.6,6.81952E-04
392.7,6.95347E-04
392.8,7.08985E-04
392.9,7.22869E-04
393.0,7.37004E-04
393.1,7.51392E-04
393.2,7.66038E-04
393.3,7.80945E-04
393.4,7.96118E-04
393.5,8.11559E-04
393.6,8.27274E-04
393.7,8.43265E-04
393.8,8.59537E-04
393.9,8.76093E-04
394.0,8.92939E-04
394.1,9.10077E-04
394.2,9.27512E-04
394.3,9.45247E-04
394.4,9.63288E-04
394.5,9.81637E-04
394.6,1.00030E-03
394.7,1.01928E-03
394.8,1.03858E-03
394.9,1.05821E-03
395.0,1.07817E-03
395.1,1.09846E-03
395.2,1.11909E-03
395.3,1.14006E-03
395.4,1.16138E-03
395.5,1.18305E-03
395.6,1.20507E-03
395.7,1.22746E-03
395.8,1.25021E-03
395.9,1.27333E-03
396.0,1.29682E-03
396.1,1.32068E-03
396.2,1.34493E-03
396.3,1.36957E-03
396.4,1.39459E-03
396.5,1.42001E-03
396.6,1.44582E-03
396.7,1.47204E-03
396.8,1.49867E-03
396.9,1.52571E-03
397.0,1.55316E-03
397.1,1.58103E-03
397.2,1.60933E-03
397.3,1.63805E-03
397.4,1.66721E-03
397.5,1.69680E-03
397.6,1.72684E-03
397.7,1.75732E-03
397.8,1.78825E-03
397.9,1.81963E-03
398.0,1.85146E-03
398.1,1.88376E-03
398.2,1.91652E-03
398.3,1.94975E-03
398.4,1.98346E-03
398.5,2.01764E-03
398.6,2.05229E-03
398.7,2.08744E-03
398.8,2.12306E-03
398.9,2.15918E-03
399.0,2.19579E-03
399.1,2.23290E-03
399.2,2.27051E-03
399.3,2.30863E-03
399.4,2.34725E-03
399.5,2.38638E-03
399.6,2.42602E-03
399.7,2.46618E-03
399.8,2.50686E-03
399.9,2.54805E-03
400.0,2.58977E-03
400.1,2.63202E-03
400.2,2.67480E-03
400.3,2.71812E-03
400.4,2.76198E-03
400.5,2.80638E-03
400.6,2.85134E-03
400.7,2.89685E-03
400.8,2.94293E-03
400.9,2.98958E-03
401.0,3.03680E-03
401.1,3.08460E-03
401.2,3.13299E-03
401.3,3.18197E-03
401.4,3.23155E-03
401.5,3.28173E-03
401.6,3.33252E-03
401.7,3.38393E-03
401.8,3.43597E-03
401.9,3.48863E-03
402.0,3.54193E-03
402.1,3.59587E-03
402.2,3.65046E-03
402.3,3.70571E-03
402.4,3.76162E-03
402.5,3.81820E-03
402.6,3.87546E-03
402.7,3.93340E-03
402.8,3.99204E-03
402.9,4.05138E-03
403.0,4.11142E-03
403.1,4.17218E-03
403.2,4.23367E-03
403.3,4.29589E-03
403.4,4.35884E-03
403.5,4.42255E-03
403.6,4.48701E-03
403.7,4.55224E-03
403.8,4.61825E-03
403.9,4.68504E-03
404.0,4.75262E-03
404.1,4.82100E-03
404.2,4.89020E-03
404.3,4.96022E-03
404.4,5.03107E-03
404.5,5.10276E-03
404.6,5.17530E-03
404.7,5.24871E-03
404.8,5.32299E-03
404.9,5.39815E-03
405.0,5.47421E-03
405.1,5.55117E-03
405.2,5.62904E-03
405.3,5.70783E-03
405.4,5.78752E-03
405.5,5.86814E-03
405.6,5.94967E-03
405.7,6.03213E-03
405.8,6.11551E-03
405.9,6.19981E-03
406.0,6.28503E-03
406.1,6.37118E-03
406.2,6.45826E-03
406.3,6.54626E-03
406.4,6.63518E-03
406.5,6.72503E-03
406.6,6.81580E-03
406.7,6.90749E-03
406.8,7.00010E-03
406.9,7.09363E-03
407.0,7.18807E-03
407.1,7.28342E-03
407.2,7.37967E-03
407.3,7.47683E-03
407.4,7.57489E-03
407.5,7.67384E-03
407.6,7.77368E-03
407.7,7.87440E-03
407.8,7.97600E-03
407.9,8.07846E-03
408.0,8.18179E-03
408.1,8.28596E-03
408.2,8.39099E-03
408.3,8.49685E-03
408.4,8.60354E-03
408.5,8.71104E-03
408.6,8.81935E-03
408.7,8.92845E-03
408.8,9.03834E-03
408.9,9.14900E-03
409.0,9.26042E-03
409.1,9.37258E-03
409.2,9.48547E-03
409.3,9.59908E-03
409.4,9.71339E-03
409.5,9.82838E-03
409.6,9.94404E-03
409.7,1.00604E-02
409.8,1.01773E-02
409.9,1.02949E-02
410.0,1.04130E-02
410.1,1.05318E-02
410.2,1.06511E-02
410.3,1.07710E-02
410.4,1.08914E-02
410.5,1.10125E-02
410.6,1.11341E-02
410.7,1.12563E-02
410.8,1.13791E-02
410.9,1.15025E-02
411.0,1.16264E-02
411.1,1.17510E-02
411.2,1.18761E-02
411.3,1.20018E-02
411.4,1.21281E-02
411.5,1.22551E-02
411.6,1.23826E-02
411.7,1.25107E-02
411.8,1.26395E-02
411.9,1.27689E-02
412.0,1.28988E-02
412.1,1.30295E-02
412.2,1.31607E-02
412.3,1.32926E-02
412.4,1.34252E-02
412.5,1.35583E-02
412.6,1.36922E-02
412.7,1.38267E-02
412.8,1.39619E-02
412.9,1.40978E-02
413.0,1.42344E-02
413.1,1.43717E-02
413.2,1.45097E-02
413.3,1.46485E-02
413.4,1.47879E-02
413.5,1.49281E-02
413.6,1.50691E-02
413.7,1.52108E-02
413.8,1.53534E-02
413.9,1.54967E-02
414.0,1.56408E-02
414.1,1.57857E-02
414.2,1.59315E-02
414.3,1.60781E-02
414.4,1.62256E-02
414.5,1.63740E-02
414.6,1.65233E-02
414.7,1.66735E-02
414.8,1.68246E-02
414.9,1.69766E-02
415.0,1.71297E-02
415.1,1.72837E-02
415.2,1.74387E-02
415.3,1.75946E-02
415.4,1.77515E-02
415.5,1.79094E-02
415.6,1.80682E-02
415.7,1.82280E-02
415.8,1.83886E-02
415.9,1.85502E-02
416.0,1.87126E-02
416.1,1.88760E-02
416.2,1.90402E-02
416.3,1.92053E-02
416.4,1.93713E-02
416.5,1.95380E-02
416.6,1.97056E-02
416.7,1.98740E-02
416.8,2.00432E-02
416.9,2.02132E-02
417.0,2.03839E-02
417.1,2.05554E-02
417.2,2.07276E-02
417.3,2.09006E-02
417.4,2.10742E-02
417.5,2.12485E-02
417.6,2.14234E-02
417.7,2.15990E-02
417.8,2.17752E-02
417.9,2.19520E-02
418.0,2.21294E-02
418.1,2.23073E-02
418.2,2.24857E-02
418.3,2.26647E-02
418.4,2.28442E-02
418.5,2.30241E-02
418.6,2.32045E-02
418.7,2.33853E-02
418.8,2.35664E-02
418.9,2.37480E-02
419.0,2.39299E-02
419.1,2.41120E-02
419.2,2.42945E-02
419.3,2.44773E-02
419.4,2.46602E-02
419.5,2.48434E-02
419.6,2.50268E-02
419.7,2.52103E-02
419.8,2.53939E-02
419.9,2.55776E-02
420.0,2.57613E-02
420.1,2.59451E-02
420.2,2.61289E-02
420.3,2.63127E-02
420.4,2.64966E-02
420.5,2.66806E-02
420.6,2.68646E-02
420.7,2.70487E-02
420.8,2.72329E-02
420.9,2.74172E-02
421.0,2.76016E-02
421.1,2.77861E-02
421.2,2.79708E-02
421.3,2.81556E-02
421.4,2.83406E-02
421.5,2.85258E-02
421.6,2.87112E-02
421.7,2.88968E-02
421.8,2.90826E-02
421.9,2.92687E-02
422.0,2.94551E-02
422.1,2.96418E-02
422.2,2.98288E-02
422.3,3.00162E-02
422.4,3.02038E-02
422.5,3.03919E-02
422.6,3.05804E-02
422.7,3.07693E-02
422.8,3.09587E-02
422.9,3.11485E-02
423.0,3.13388E-02
423.1,3.15297E-02
423.2,3.17211E-02
423.3,3.19131E-02
423.4,3.21057E-02
423.5,3.22989E-02
423.6,3.24929E-02
423.7,3.26875E-02
423.8,3.28828E-02
423.9,3.30789E-02
424.0,3.32757E-02
424.1,3.34734E-02
424.2,3.36720E-02
424.3,3.38714E-02
424.4,3.40718E-02
424.5,3.42732E-02
424.6,3.44755E-02
424.7,3.46789E-02
424.8,3.48833E-02
424.9,3.50888E-02
425.0,3.52955E-02
425.1,3.55034E-02
425.2,3.57125E-02
425.3,3.59227E-02
425.4,3.61342E-02
425.5,3.63468E-02
425.6,3.65605E-02
425.7,3.67754E-02
425.8,3.69915E-02
425.9,3.72087E-02
426.0,3.74271E-02
426.1,3.76465E-02
426.2,3.78671E-02
426.3,3.80888E-02
426.4,3.83117E-02
426.5,3.85356E-02
426.6,3.87606E-02
426.7,3.89867E-02
426.8,3.92139E-02
426.9,3.94421E-02
427.0,3.96714E-02
427.1,3.99017E-02
427.2,4.01331E-02
427.3,4.03655E-02
427.4,4.05989E-02
427.5,4.08333E-02
427.6,4.10687E-02
427.7,4.13051E-02
427.8,4.15424E-02
427.9,4.17807E-02
428.0,4.20200E-02
428.1,4.22602E-02
428.2,4.25013E-02
428.3,4.27433E-02
428.4,4.29862E-02
428.5,4.32300E-02
428.6,4.34747E-02
428.7,4.37202E-02
428.8,4.39665E-02
428.9,4.42137E-02
429.0,4.44617E-02
429.1,4.47104E-02
429.2,4.49600E-02
429.3,4.52103E-02
429.4,4.54613E-02
429.5,4.57131E-02
429.6,4.59656E-02
429.7,4.62188E-02
429.8,4.64726E-02
429.9,4.67271E-02
430.0,4.69823E-02
430.1,4.72380E-02
430.2,4.74944E-02
430.3,4.77514E-02
430.4,4.80090E-02
430.5,4.82672E-02
430.6,4.85261E-02
430.7,4.87855E-02
430.8,4.90455E-02
430.9,4.93062E-02
431.0,4.95674E-02
431.1,4.98293E-02
431.2,5.00917E-02
431.3,5.03547E-02
431.4,5.06183E-02
431.5,5.08825E-02
431.6,5.11473E-02
431.7,5.14127E-02
431.8,5.16786E-02
431.9,5.19451E-02
432.0,5.22122E-02
432.1,5.24799E-02
432.2,5.27481E-02
432.3,5.30169E-02
432.4,5.32862E-02
432.5,5.35561E-02
432.6,5.38266E-02
432.7,5.40976E-02
432.8,5.43691E-02
432.9,5.46412E-02
433.0,5.49139E-02
433.1,5.51870E-02
433.2,5.54608E-02
433.3,5.57350E-02
433.4,5.60098E-02
433.5,5.62851E-02
433.6,5.65609E-02
433.7,5.68372E-02
433.8,5.71140E-02
433.9,5.73914E-02
434.0,5.76692E-02
434.1,5.79475E-02
434.2,5.82264E-02
434.3,5.85057E-02
434.4,5.87855E-02
434.5,5.90658E-02
434.6,5.93466E-02
434.7,5.96278E-02
434.8,5.99095E-02
434.9,6.01917E-02
435.0,6.04743E-02
435.1,6.07574E-02
435.2,6.10409E-02
435.3,6.13248E-02
435.4,6.16091E-02
435.5,6.18938E-02
435.6,6.21788E-02
435.7,6.24642E-02
435.8,6.27498E-02
435.9,6.30358E-02
436.0,6.33219E-02
436.1,6.36084E-02
436.2,6.38950E-02
436.3,6.41818E-02
436.4,6.44688E-02
436.5,6.47559E-02
436.6,6.50432E-02
436.7,6.53305E-02
436.8,6.56179E-02
436.9,6.59053E-02
437.0,6.61927E-02
437.1,6.64801E-02
437.2,6.67675E-02
437.3,6.70548E-02
437.4,6.73420E-02
437.5,6.76291E-02
437.6,6.79161E-02
437.7,6.82029E-02
437.8,6.84894E-02
437.9,6.87758E-02
438.0,6.90618E-02
438.1,6.93476E-02
438.2,6.96331E-02
438.3,6.99182E-02
438.4,7.02030E-02
438.5,7.04873E-02
438.6,7.07712E-02
438.7,7.10547E-02
438.8,7.13376E-02
438.9,7.16200E-02
439.0,7.19019E-02
439.1,7.21832E-02
439.2,7.24638E-02
439.3,7.27438E-02
439.4,7.30231E-02
439.5,7.33017E-02
439.6,7.35796E-02
439.7,7.38567E-02
439.8,7.41329E-02
439.9,7.44083E-02
440.0,7.46829E-02
440.1,7.49565E-02
440.2,7.52293E-02
440.3,7.55012E-02
440.4,7.57723E-02
440.5,7.60427E-02
440.6,7.63123E-02
440.7,7.65813E-02
440.8,7.68496E-02
440.9,7.71173E-02
441.0,7.73845E-02
441.1,7.76512E-02
441.2,7.79174E-02
441.3,7.81832E-02
441.4,7.84486E-02
441.5,7.87137E-02
441.6,7.89785E-02
441.7,7.92431E-02
441.8,7.95075E-02
441.9,7.97718E-02
442.0,8.00360E-02
442.1,8.03002E-02
442.2,8.05644E-02
442.3,8.08286E-02
442.4,8.10930E-02
442.5,8.13576E-02
442.6,8.16224E-02
442.7,8.18876E-02
442.8,8.21530E-02
442.9,8.24189E-02
443.0,8.26852E-02
443.1,8.29521E-02
443.2,8.32195E-02
443.3,8.34876E-02
443.4,8.37564E-02
443.5,8.40260E-02
443.6,8.42964E-02
443.7,8.45676E-02
443.8,8.48399E-02
443.9,8.51131E-02
444.0,8.53874E-02
444.1,8.56629E-02
444.2,8.59396E-02
444.3,8.62176E-02
444.4,8.64970E-02
444.5,8.67777E-02
444.6,8.70600E-02
444.7,8.73438E-02
444.8,8.76293E-02
444.9,8.79164E-02
445.0,8.82054E-02
445.1,8.84962E-02
445.2,8.87888E-02
445.3,8.90831E-02
445.4,8.93792E-02
445.5,8.96770E-02
445.6,8.99764E-02
445.7,9.02774E-02
445.8,9.05799E-02
445.9,9.08838E-02
446.0,9.11892E-02
446.1,9.14960E-02
446.2,9.18042E-02
446.3,9.21136E-02
446.4,9.24242E-02
446.5,9.27359E-02
446.6,9.30488E-02
446.7,9.33628E-02
446.8,9.36777E-02
446.9,9.39936E-02
447.0,9.43104E-02
447.1,9.46280E-02
447.2,9.49464E-02
447.3,9.52655E-02
447.4,9.55852E-02
447.5,9.59055E-02
447.6,9.62263E-02
447.7,9.65476E-02
447.8,9.68692E-02
447.9,9.71912E-02
448.0,9.75135E-02
448.1,9.78359E-02
448.2,9.81585E-02
448.3,9.84811E-02
448.4,9.88037E-02
448.5,9.91262E-02
448.6,9.94486E-02
448.7,9.97707E-02
448.8,1.00093E-01
448.9,1.00414E-01
449.0,1.00735E-01
449.1,1.01055E-01
449.2,1.01375E-01
449.3,1.01694E-01
449.4,1.02013E-01
449.5,1.02330E-01
449.6,1.02647E-01
449.7,1.02963E-01
449.8,1.03277E-01
449.9,1.03591E-01
450.0,1.03903E-01
450.1,1.04214E-01
450.2,1.04523E-01
450.3,1.04832E-01
450.4,1.05139E-01
450.5,1.05446E-01
450.6,1.05751E-01
450.7,1.06055E-01
450.8,1.06359E-01
450.9,1.06662E-01
451.0,1.06964E-01
451.1,1.07266E-01
451.2,1.07567E-01
451.3,1.07867E-01
451.4,1.08168E-01
451.5,1.08468E-01
451.6,1.08768E-01
451.7,1.09068E-01
451.8,1.09367E-01
451.9,1.09667E-01
452.0,1.09968E-01
452.1,1.10268E-01
452.2,1.10569E-01
452.3,1.10870E-01
452.4,1.11172E-01
452.5,1.11474E-01
452.6,1.11777E-01
452.7,1.12081E-01
452.8,1.12386E-01
452.9,1.12692E-01
453.0,1.12999E-01
453.1,1.13307E-01
453.2,1.13617E-01
453.3,1.13928E-01
453.4,1.14241E-01
453.5,1.14555E-01
453.6,1.14871E-01
453.7,1.15189E-01
453.8,1.15508E-01
453.9,1.15830E-01
454.0,1.16154E-01
454.1,1.16480E-01
454.2,1.16809E-01
454.3,1.17140E-01
454.4,1.17474E-01
454.5,1.17811E-01
454.6,1.18150E-01
454.7,1.18493E-01
454.8,1.18838E-01
454.9,1.19187E-01
455.0,1.19539E-01
455.1,1.19894E-01
455.2,1.20254E-01
455.3,1.20616E-01
455.4,1.20982E-01
455.5,1.21351E-01
455.6,1.21724E-01
455.7,1.22101E-01
455.8,1.22480E-01
455.9,1.22864E-01
456.0,1.23250E-01
456.1,1.23640E-01
456.2,1.24034E-01
456.3,1.24431E-01
456.4,1.24831E-01
456.5,1.25235E-01
456.6,1.25642E-01
456.7,1.26053E-01
456.8,1.26467E-01
456.9,1.26884E-01
457.0,1.27305E-01
457.1,1.27729E-01
457.2,1.28156E-01
457.3,1.28587E-01
457.4,1.29021E-01
457.5,1.29459E-01
457.6,1.29900E-01
457.7,1.30344E-01
457.8,1.30791E-01
457.9,1.31242E-01
458.0,1.31696E-01
458.1,1.32154E-01
458.2,1.32615E-01
458.3,1.33079E-01
458.4,1.33546E-01
458.5,1.34017E-01
458.6,1.34490E-01
458.7,1.34967E-01
458.8,1.35448E-01
458.9,1.35931E-01
459.0,1.36418E-01
459.1,1.36908E-01
459.2,1.37401E-01
459.3,1.37897E-01
459.4,1.38396E-01
459.5,1.38899E-01
459.6,1.39405E-01
459.7,1.39914E-01
459.8,1.40425E-01
459.9,1.40940E-01
460.0,1.41459E-01
460.1,1.41980E-01
460.2,1.42504E-01
460.3,1.43031E-01
460.4,1.43561E-01
460.5,1.44094E-01
460.6,1.44630E-01
460.7,1.45168E-01
460.8,1.45710E-01
460.9,1.46254E-01
461.0,1.46800E-01
461.1,1.47349E-01
461.2,1.47901E-01
461.3,1.48456E-01
461.4,1.49012E-01
461.5,1.49571E-01
461.6,1.50133E-01
461.7,1.50696E-01
461.8,1.51262E-01
461.9,1.51830E-01
462.0,1.52400E-01
462.1,1.52972E-01
462.2,1.53546E-01
462.3,1.54122E-01
462.4,1.54700E-01
462.5,1.55280E-01
462.6,1.55861E-01
462.7,1.56444E-01
462.8,1.57029E-01
462.9,1.57615E-01
463.0,1.58202E-01
463.1,1.58791E-01
463.2,1.59381E-01
463.3,1.59972E-01
463.4,1.60565E-01
463.5,1.61159E-01
463.6,1.61753E-01
463.7,1.62349E-01
463.8,1.62945E-01
463.9,1.63542E-01
464.0,1.64140E-01
464.1,1.64738E-01
464.2,1.65337E-01
464.3,1.65937E-01
464.4,1.66536E-01
464.5,1.67136E-01
464.6,1.67737E-01
464.7,1.68337E-01
464.8,1.68937E-01
464.9,1.69537E-01
465.0,1.70137E-01
465.1,1.70737E-01
465.2,1.71336E-01
465.3,1.71936E-01
465.4,1.72535E-01
465.5,1.73133E-01
465.6,1.73732E-01
465.7,1.74330E-01
465.8,1.74928E-01
465.9,1.75526E-01
466.0,1.76123E-01
466.1,1.76721E-01
466.2,1.77318E-01
466.3,1.77915E-01
466.4,1.78512E-01
466.5,1.79108E-01
466.6,1.79705E-01
466.7,1.80301E-01
466.8,1.80897E-01
466.9,1.81494E-01
467.0,1.82090E-01
467.1,1.82686E-01
467.2,1.83281E-01
467.3,1.83877E-01
467.4,1.84473E-01
467.5,1.85068E-01
467.6,1.85664E-01
467.7,1.86260E-01
467.8,1.86855E-01
467.9,1.87451E-01
468.0,1.88046E-01
468.1,1.88642E-01
468.2,1.89238E-01
468.3,1.89833E-01
468.4,1.90429E-01
468.5,1.91025E-01
468.6,1.91621E-01
468.7,1.92217E-01
468.8,1.92813E-01
468.9,1.93410E-01
469.0,1.94006E-01
469.1,1.94603E-01
469.2,1.95200E-01
469.3,1.95797E-01
469.4,1.96395E-01
469.5,1.96993E-01
469.6,1.97591E-01
469.7,1.98189E-01
469.8,1.98788E-01
469.9,1.99387E-01
470.0,1.99986E-01
470.1,2.00586E-01
470.2,2.01186E-01
470.3,2.01786E-01
470.4,2.02387E-01
470.5,2.02989E-01
470.6,2.03591E-01
470.7,2.04194E-01
470.8,2.04797E-01
470.9,2.05401E-01
471.0,2.06005E-01
471.1,2.06611E-01
471.2,2.07217E-01
471.3,2.07824E-01
471.4,2.08432E-01
471.5,2.09040E-01
471.6,2.09650E-01
471.7,2.10260E-01
471.8,2.10872E-01
471.9,2.11484E-01
472.0,2.12098E-01
472.1,2.12713E-01
472.2,2.13329E-01
472.3,2.13946E-01
472.4,2.14564E-01
472.5,2.15184E-01
472.6,2.15805E-01
472.7,2.16428E-01
472.8,2.17052E-01
472.9,2.17677E-01
473.0,2.18304E-01
473.1,2.18933E-01
473.2,2.19563E-01
473.3,2.20195E-01
473.4,2.20828E-01
473.5,2.21463E-01
473.6,2.22101E-01
473.7,2.22740E-01
473.8,2.23381E-01
473.9,2.24024E-01
474.0,2.24669E-01
474.1,2.25316E-01
474.2,2.25965E-01
474.3,2.26616E-01
474.4,2.27270E-01
474.5,2.27926E-01
474.6,2.28584E-01
474.7,2.29245E-01
474.8,2.29908E-01
474.9,2.30574E-01
475.0,2.31243E-01
475.1,2.31914E-01
475.2,2.32587E-01
475.3,2.33264E-01
475.4,2.33943E-01
475.5,2.34625E-01
475.6,2.35309E-01
475.7,2.35996E-01
475.8,2.36686E-01
475.9,2.37379E-01
476.0,2.38074E-01
476.1,2.38772E-01
476.2,2.39473E-01
476.3,2.40177E-01
476.4,2.40883E-01
476.5,2.41592E-01
476.6,2.42304E-01
476.7,2.43019E-01
476.8,2.43736E-01
476.9,2.44457E-01
477.0,2.45180E-01
477.1,2.45906E-01
477.2,2.46635E-01
477.3,2.47366E-01
477.4,2.48101E-01
477.5,2.48838E-01
477.6,2.49578E-01
477.7,2.50321E-01
477.8,2.51068E-01
477.9,2.51816E-01
478.0,2.52568E-01
478.1,2.53323E-01
478.2,2.54081E-01
478.3,2.54841E-01
478.4,2.55605E-01
478.5,2.56371E-01
478.6,2.57141E-01
478.7,2.57913E-01
478.8,2.58688E-01
478.9,2.59467E-01
479.0,2.60248E-01
479.1,2.61032E-01
479.2,2.61819E-01
479.3,2.62610E-01
479.4,2.63403E-01
479.5,2.64200E-01
479.6,2.64999E-01
479.7,2.65801E-01
479.8,2.66607E-01
479.9,2.67415E-01
480.0,2.68227E-01
480.1,2.69042E-01
480.2,2.69860E-01
480.3,2.70680E-01
480.4,2.71504E-01
480.5,2.72330E-01
480.6,2.73159E-01
480.7,2.73991E-01
480.8,2.74825E-01
480.9,2.75661E-01
481.0,2.76501E-01
481.1,2.77342E-01
481.2,2.78185E-01
481.3,2.79031E-01
481.4,2.79879E-01
481.5,2.80729E-01
481.6,2.81580E-01
481.7,2.82434E-01
481.8,2.83289E-01
481.9,2.84145E-01
482.0,2.85004E-01
482.1,2.85863E-01
482.2,2.86724E-01
482.3,2.87586E-01
482.4,2.88450E-01
482.5,2.89314E-01
482.6,2.90179E-01
482.7,2.91045E-01
482.8,2.91912E-01
482.9,2.92780E-01
483.0,2.93647E-01
483.1,2.94516E-01
483.2,2.95385E-01
483.3,2.96253E-01
483.4,2.97122E-01
483.5,2.97991E-01
483.6,2.98860E-01
483.7,2.99729E-01
483.8,3.00597E-01
483.9,3.01465E-01
484.0,3.02332E-01
484.1,3.03198E-01
484.2,3.04064E-01
484.3,3.04928E-01
484.4,3.05792E-01
484.5,3.06654E-01
484.6,3.07515E-01
484.7,3.08375E-01
484.8,3.09233E-01
484.9,3.10089E-01
485.0,3.10944E-01
485.1,3.11796E-01
485.2,3.12647E-01
485.3,3.13496E-01
485.4,3.14344E-01
485.5,3.15190E-01
485.6,3.16036E-01
485.7,3.16880E-01
485.8,3.17724E-01
485.9,3.18567E-01
486.0,3.19410E-01
486.1,3.20253E-01
486.2,3.21096E-01
486.3,3.21940E-01
486.4,3.22784E-01
486.5,3.23628E-01
486.6,3.24473E-01
486.7,3.25320E-01
486.8,3.26168E-01
486.9,3.27017E-01
487.0,3.27868E-01
487.1,3.28721E-01
487.2,3.29577E-01
487.3,3.30435E-01
487.4,3.31295E-01
487.5,3.32158E-01
487.6,3.33025E-01
487.7,3.33895E-01
487.8,3.34768E-01
487.9,3.35645E-01
488.0,3.36526E-01
488.1,3.37412E-01
488.2,3.38302E-01
488.3,3.39197E-01
488.4,3.40097E-01
488.5,3.41002E-01
488.6,3.41913E-01
488.7,3.42830E-01
488.8,3.43753E-01
488.9,3.44682E-01
489.0,3.45618E-01
489.1,3.46560E-01
489.2,3.47510E-01
489.3,3.48468E-01
489.4,3.49433E-01
489.5,3.50406E-01
489.6,3.51387E-01
489.7,3.52377E-01
489.8,3.53376E-01
489.9,3.54384E-01
490.0,3.55402E-01
490.1,3.56429E-01
490.2,3.57466E-01
490.3,3.58513E-01
490.4,3.59568E-01
490.5,3.60633E-01
490.6,3.61707E-01
490.7,3.62790E-01
490.8,3.63881E-01
490.9,3.64981E-01
491.0,3.66089E-01
491.1,3.67206E-01
491.2,3.68330E-01
491.3,3.69462E-01
491.4,3.70601E-01
491.5,3.71748E-01
491.6,3.72902E-01
491.7,3.74063E-01
491.8,3.75231E-01
491.9,3.76405E-01
492.0,3.77586E-01
492.1,3.78773E-01
492.2,3.79965E-01
492.3,3.81164E-01
492.4,3.82368E-01
492.5,3.83577E-01
492.6,3.84792E-01
492.7,3.86011E-01
492.8,3.87235E-01
492.9,3.88463E-01
493.0,3.89696E-01
493.1,3.90932E-01
493.2,3.92172E-01
493.3,3.93416E-01
493.4,3.94663E-01
493.5,3.95912E-01
493.6,3.97164E-01
493.7,3.98419E-01
493.8,3.99676E-01
493.9,4.00934E-01
494.0,4.02195E-01
494.1,4.03456E-01
494.2,4.04719E-01
494.3,4.05982E-01
494.4,4.07246E-01
494.5,4.08510E-01
494.6,4.09774E-01
494.7,4.11038E-01
494.8,4.12300E-01
494.9,4.13562E-01
495.0,4.14823E-01
495.1,4.16082E-01
495.2,4.17339E-01
495.3,4.18595E-01
495.4,4.19850E-01
495.5,4.21103E-01
495.6,4.22355E-01
495.7,4.23606E-01
495.8,4.24856E-01
495.9,4.26105E-01
496.0,4.27354E-01
496.1,4.28602E-01
496.2,4.29849E-01
496.3,4.31096E-01
496.4,4.32342E-01
496.5,4.33589E-01
496.6,4.34835E-01
496.7,4.36081E-01
496.8,4.37327E-01
496.9,4.38574E-01
497.0,4.39821E-01
497.1,4.41068E-01
497.2,4.42316E-01
497.3,4.43565E-01
497.4,4.44814E-01
497.5,4.46064E-01
497.6,4.47316E-01
497.7,4.48569E-01
497.8,4.49823E-01
497.9,4.51079E-01
498.0,4.52336E-01
498.1,4.53595E-01
498.2,4.54856E-01
498.3,4.56119E-01
498.4,4.57384E-01
498.5,4.58652E-01
498.6,4.59922E-01
498.7,4.61195E-01
498.8,4.62470E-01
498.9,4.63748E-01
499.0,4.65030E-01
499.1,4.66314E-01
499.2,4.67603E-01
499.3,4.68894E-01
499.4,4.70189E-01
499.5,4.71489E-01
499.6,4.72792E-01
499.7,4.74099E-01
499.8,4.75411E-01
499.9,4.76727E-01
500.0,4.78048E-01
500.1,4.79374E-01
500.2,4.80705E-01
500.3,4.82040E-01
500.4,4.83380E-01
500.5,4.84725E-01
500.6,4.86074E-01
500.7,4.87428E-01
500.8,4.88787E-01
500.9,4.90150E-01
501.0,4.91517E-01
501.1,4.92889E-01
501.2,4.94265E-01
501.3,4.95646E-01
501.4,4.97030E-01
501.5,4.98419E-01
501.6,4.99812E-01
501.7,5.01208E-01
501.8,5.02609E-01
501.9,5.04014E-01
502.0,5.05422E-01
502.1,5.06835E-01
502.2,5.08251E-01
502.3,5.09670E-01
502.4,5.11094E-01
502.5,5.12521E-01
502.6,5.13951E-01
502.7,5.15385E-01
502.8,5.16822E-01
502.9,5.18262E-01
503.0,5.19706E-01
503.1,5.21152E-01
503.2,5.22602E-01
503.3,5.24055E-01
503.4,5.25510E-01
503.5,5.26969E-01
503.6,5.28430E-01
503.7,5.29894E-01
503.8,5.31361E-01
503.9,5.32830E-01
504.0,5.34301E-01
504.1,5.35775E-01
504.2,5.37251E-01
504.3,5.38730E-01
504.4,5.40210E-01
504.5,5.41693E-01
504.6,5.43178E-01
504.7,5.44664E-01
504.8,5.46153E-01
504.9,5.47643E-01
505.0,5.49134E-01
505.1,5.50628E-01
505.2,5.52122E-01
505.3,5.53619E-01
505.4,5.55116E-01
505.5,5.56615E-01
505.6,5.58116E-01
505.7,5.59617E-01
505.8,5.61120E-01
505.9,5.62625E-01
506.0,5.64130E-01
506.1,5.65637E-01
506.2,5.67145E-01
506.3,5.68653E-01
506.4,5.70163E-01
506.5,5.71674E-01
506.6,5.73186E-01
506.7,5.74698E-01
506.8,5.76212E-01
506.9,5.77726E-01
507.0,5.79242E-01
507.1,5.80757E-01
507.2,5.82274E-01
507.3,5.83791E-01
507.4,5.85309E-01
507.5,5.86828E-01
507.6,5.88347E-01
507.7,5.89866E-01
507.8,5.91386E-01
507.9,5.92906E-01
508.0,5.94426E-01
508.1,5.95947E-01
508.2,5.97468E-01
508.3,5.98989E-01
508.4,6.00511E-01
508.5,6.02032E-01
508.6,6.03554E-01
508.7,6.05075E-01
508.8,6.06596E-01
508.9,6.08118E-01
509.0,6.09639E-01
509.1,6.11160E-01
509.2,6.12680E-01
509.3,6.14201E-01
509.4,6.15721E-01
509.5,6.17240E-01
509.6,6.18759E-01
509.7,6.20278E-01
509.8,6.21796E-01
509.9,6.23313E-01
510.0,6.24830E-01
510.1,6.26345E-01
510.2,6.27861E-01
510.3,6.29375E-01
510.4,6.30889E-01
510.5,6.32403E-01
510.6,6.33916E-01
510.7,6.35429E-01
510.8,6.36941E-01
510.9,6.38454E-01
511.0,6.39966E-01
511.1,6.41478E-01
511.2,6.42990E-01
511.3,6.44502E-01
511.4,6.46014E-01
511.5,6.47526E-01
511.6,6.49039E-01
511.7,6.50552E-01
511.8,6.52066E-01
511.9,6.53580E-01
512.0,6.55094E-01
512.1,6.56610E-01
512.2,6.58126E-01
512.3,6.59642E-01
512.4,6.61160E-01
512.5,6.62679E-01
512.6,6.64199E-01
512.7,6.65720E-01
512.8,6.67242E-01
512.9,6.68765E-01
513.0,6.70290E-01
513.1,6.71817E-01
513.2,6.73345E-01
513.3,6.74875E-01
513.4,6.76406E-01
513.5,6.77939E-01
513.6,6.79475E-01
513.7,6.81012E-01
513.8,6.82552E-01
513.9,6.84093E-01
514.0,6.85638E-01
514.1,6.87184E-01
514.2,6.88733E-01
514.3,6.90285E-01
514.4,6.91839E-01
514.5,6.93397E-01
514.6,6.94957E-01
514.7,6.96520E-01
514.8,6.98087E-01
514.9,6.99656E-01
515.0,7.01229E-01
515.1,7.02806E-01
515.2,7.04385E-01
515.3,7.05968E-01
515.4,7.07553E-01
515.5,7.09141E-01
515.6,7.10732E-01
515.7,7.12324E-01
515.8,7.13918E-01
515.9,7.15513E-01
516.0,7.17110E-01
516.1,7.18708E-01
516.2,7.20307E-01
516.3,7.21906E-01
516.4,7.23505E-01
516.5,7.25105E-01
516.6,7.26704E-01
516.7,7.28302E-01
516.8,7.29900E-01
516.9,7.31497E-01
517.0,7.33092E-01
517.1,7.34685E-01
517.2,7.36277E-01
517.3,7.37866E-01
517.4,7.39453E-01
517.5,7.41037E-01
517.6,7.42618E-01
517.7,7.44195E-01
517.8,7.45769E-01
517.9,7.47339E-01
518.0,7.48904E-01
518.1,7.50465E-01
518.2,7.52021E-01
518.3,7.53571E-01
518.4,7.55117E-01
518.5,7.56656E-01
518.6,7.58189E-01
518.7,7.59715E-01
518.8,7.61235E-01
518.9,7.62748E-01
519.0,7.64253E-01
519.1,7.65750E-01
519.2,7.67240E-01
519.3,7.68720E-01
519.4,7.70192E-01
519.5,7.71655E-01
519.6,7.73108E-01
519.7,7.74552E-01
519.8,7.75985E-01
519.9,7.77408E-01
520.0,7.78820E-01
520.1,7.80221E-01
520.2,7.81610E-01
520.3,7.82989E-01
520.4,7.84357E-01
520.5,7.85714E-01
520.6,7.87060E-01
520.7,7.88396E-01
520.8,7.89721E-01
520.9,7.91036E-01
521.0,7.92341E-01
521.1,7.93636E-01
521.2,7.94920E-01
521.3,7.96195E-01
521.4,7.97460E-01
521.5,7.98715E-01
521.6,7.99961E-01
521.7,8.01197E-01
521.8,8.02424E-01
521.9,8.03642E-01
522.0,8.04851E-01
522.1,8.06051E-01
522.2,8.07242E-01
522.3,8.08425E-01
522.4,8.09599E-01
522.5,8.10765E-01
522.6,8.11923E-01
522.7,8.13073E-01
522.8,8.14214E-01
522.9,8.15348E-01
523.0,8.16475E-01
523.1,8.17594E-01
523.2,8.18705E-01
523.3,8.19810E-01
523.4,8.20907E-01
523.5,8.21997E-01
523.6,8.23081E-01
523.7,8.24158E-01
523.8,8.25229E-01
523.9,8.26294E-01
524.0,8.27352E-01
524.1,8.28404E-01
524.2,8.29451E-01
524.3,8.30492E-01
524.4,8.31528E-01
524.5,8.32558E-01
524.6,8.33583E-01
524.7,8.34603E-01
524.8,8.35619E-01
524.9,8.36630E-01
525.0,8.37636E-01
525.1,8.38638E-01
525.2,8.39635E-01
525.3,8.40629E-01
525.4,8.41618E-01
525.5,8.42603E-01
525.6,8.43584E-01
525.7,8.44560E-01
525.8,8.45533E-01
525.9,8.46501E-01
526.0,8.47465E-01
526.1,8.48425E-01
526.2,8.49382E-01
526.3,8.50334E-01
526.4,8.51282E-01
526.5,8.52226E-01
526.6,8.53166E-01
526.7,8.54102E-01
526.8,8.55034E-01
526.9,8.55962E-01
527.0,8.56887E-01
527.1,8.57807E-01
527.2,8.58724E-01
527.3,8.59637E-01
527.4,8.60546E-01
527.5,8.61452E-01
527.6,8.62354E-01
527.7,8.63252E-01
527.8,8.64146E-01
527.9,8.65037E-01
528.0,8.65924E-01
528.1,8.66808E-01
528.2,8.67688E-01
528.3,8.68564E-01
528.4,8.69437E-01
528.5,8.70307E-01
528.6,8.71173E-01
528.7,8.72036E-01
528.8,8.72895E-01
528.9,8.73751E-01
529.0,8.74604E-01
529.1,8.75453E-01
529.2,8.76300E-01
529.3,8.77143E-01
529.4,8.77982E-01
529.5,8.78819E-01
529.6,8.79652E-01
529.7,8.80483E-01
529.8,8.81310E-01
529.9,8.82134E-01
530.0,8.82955E-01
530.1,8.83773E-01
530.2,8.84589E-01
530.3,8.85402E-01
530.4,8.86212E-01
530.5,8.87019E-01
530.6,8.87825E-01
530.7,8.88628E-01
530.8,8.89430E-01
530.9,8.90229E-01
531.0,8.91027E-01
531.1,8.91824E-01
531.2,8.92619E-01
531.3,8.93413E-01
531.4,8.94206E-01
531.5,8.94998E-01
531.6,8.95789E-01
531.7,8.96580E-01
531.8,8.97370E-01
531.9,8.98160E-01
532.0,8.98949E-01
532.1,8.99739E-01
532.2,9.00529E-01
532.3,9.01320E-01
532.4,9.02111E-01
532.5,9.02902E-01
532.6,9.03694E-01
532.7,9.04488E-01
532.8,9.05282E-01
532.9,9.06078E-01
533.0,9.06875E-01
533.1,9.07674E-01
533.2,9.08475E-01
533.3,9.09278E-01
533.4,9.10082E-01
533.5,9.10889E-01
533.6,9.11699E-01
533.7,9.12511E-01
533.8,9.13326E-01
533.9,9.14144E-01
534.0,9.14965E-01
534.1,9.15790E-01
534.2,9.16617E-01
534.3,9.17449E-01
534.4,9.18284E-01
534.5,9.19123E-01
534.6,9.19967E-01
534.7,9.20815E-01
534.8,9.21667E-01
534.9,9.22524E-01
535.0,9.23386E-01
535.1,9.24253E-01
535.2,9.25124E-01
535.3,9.26000E-01
535.4,9.26880E-01
535.5,9.27764E-01
535.6,9.28652E-01
535.7,9.29543E-01
535.8,9.30437E-01
535.9,9.31334E-01
536.0,9.32232E-01
536.1,9.33134E-01
536.2,9.34036E-01
536.3,9.34941E-01
536.4,9.35846E-01
536.5,9.36752E-01
536.6,9.37659E-01
536.7,9.38566E-01
536.8,9.39474E-01
536.9,9.40380E-01
537.0,9.41286E-01
537.1,9.42191E-01
537.2,9.43095E-01
537.3,9.43997E-01
537.4,9.44897E-01
537.5,9.45795E-01
537.6,9.46690E-01
537.7,9.47582E-01
537.8,9.48471E-01
537.9,9.49356E-01
538.0,9.50238E-01
538.1,9.51115E-01
538.2,9.51988E-01
538.3,9.52855E-01
538.4,9.53718E-01
538.5,9.54575E-01
538.6,9.55426E-01
538.7,9.56271E-01
538.8,9.57109E-01
538.9,9.57941E-01
539.0,9.58765E-01
539.1,9.59581E-01
539.2,9.60390E-01
539.3,9.61190E-01
539.4,9.61982E-01
539.5,9.62765E-01
539.6,9.63538E-01
539.7,9.64302E-01
539.8,9.65056E-01
539.9,9.65800E-01
540.0,9.66532E-01
540.1,9.67254E-01
540.2,9.67965E-01
540.3,9.68665E-01
540.4,9.69353E-01
540.5,9.70031E-01
540.6,9.70697E-01
540.7,9.71352E-01
540.8,9.71996E-01
540.9,9.72629E-01
541.0,9.73250E-01
541.1,9.73861E-01
541.2,9.74459E-01
541.3,9.75047E-01
541.4,9.75623E-01
541.5,9.76188E-01
541.6,9.76742E-01
541.7,9.77284E-01
541.8,9.77814E-01
541.9,9.78334E-01
542.0,9.78842E-01
542.1,9.79338E-01
542.2,9.79823E-01
542.3,9.80296E-01
542.4,9.80758E-01
542.5,9.81208E-01
542.6,9.81647E-01
542.7,9.82074E-01
542.8,9.82490E-01
542.9,9.82894E-01
543.0,9.83287E-01
543.1,9.83668E-01
543.2,9.84037E-01
543.3,9.84395E-01
543.4,9.84741E-01
543.5,9.85075E-01
543.6,9.85398E-01
543.7,9.85709E-01
543.8,9.86008E-01
543.9,9.86296E-01
544.0,9.86572E-01
544.1,9.86836E-01
544.2,9.87089E-01
544.3,9.87330E-01
544.4,9.87559E-01
544.5,9.87777E-01
544.6,9.87983E-01
544.7,9.88177E-01
544.8,9.88359E-01
544.9,9.88530E-01
545.0,9.88689E-01
545.1,9.88836E-01
545.2,9.88972E-01
545.3,9.89097E-01
545.4,9.89212E-01
545.5,9.89317E-01
545.6,9.89412E-01
545.7,9.89498E-01
545.8,9.89575E-01
545.9,9.89644E-01
546.0,9.89706E-01
546.1,9.89760E-01
546.2,9.89807E-01
546.3,9.89847E-01
546.4,9.89881E-01
546.5,9.89910E-01
546.6,9.89934E-01
546.7,9.89953E-01
546.8,9.89967E-01
546.9,9.89978E-01
547.0,9.89985E-01
547.1,9.89989E-01
547.2,9.89991E-01
547.3,9.89990E-01
547.4,9.89988E-01
547.5,9.89984E-01
547.6,9.89980E-01
547.7,9.89975E-01
547.8,9.89970E-01
547.9,9.89966E-01
548.0,9.89962E-01
548.1,9.89960E-01
548.2,9.89960E-01
548.3,9.89962E-01
548.4,9.89966E-01
548.5,9.89974E-01
548.6,9.89985E-01
548.7,9.90000E-01
548.8,9.90019E-01
548.9,9.90044E-01
549.0,9.90073E-01
549.1,9.90108E-01
549.2,9.90149E-01
549.3,9.90197E-01
549.4,9.90252E-01
549.5,9.90314E-01
549.6,9.90384E-01
549.7,9.90462E-01
549.8,9.90549E-01
549.9,9.90645E-01
550.0,9.90750E-01
550.1,9.90865E-01
550.2,9.90990E-01
550.3,9.91124E-01
550.4,9.91267E-01
550.5,9.91418E-01
550.6,9.91577E-01
550.7,9.91743E-01
550.8,9.91917E-01
550.9,9.92097E-01
551.0,9.92283E-01
551.1,9.92474E-01
551.2,9.92671E-01
551.3,9.92873E-01
551.4,9.93079E-01
551.5,9.93289E-01
551.6,9.93503E-01
551.7,9.93719E-01
551.8,9.93939E-01
551.9,9.94160E-01
552.0,9.94384E-01
552.1,9.94608E-01
552.2,9.94834E-01
552.3,9.95060E-01
552.4,9.95287E-01
552.5,9.95513E-01
552.6,9.95738E-01
552.7,9.95962E-01
552.8,9.96184E-01
552.9,9.96404E-01
553.0,9.96622E-01
553.1,9.96837E-01
553.2,9.97048E-01
553.3,9.97256E-01
553.4,9.97459E-01
553.5,9.97658E-01
553.6,9.97851E-01
553.7,9.98039E-01
553.8,9.98221E-01
553.9,9.98396E-01
554.0,9.98565E-01
554.1,9.98726E-01
554.2,9.98880E-01
554.3,9.99025E-01
554.4,9.99162E-01
554.5,9.99290E-01
554.6,9.99408E-01
554.7,9.99516E-01
554.8,9.99614E-01
554.9,9.99702E-01
555.0,9.99778E-01
555.1,9.99842E-01
555.2,9.99895E-01
555.3,9.99937E-01
555.4,9.99968E-01
555.5,9.99989E-01
555.6,1.00000E+00
555.7,1.00000E+00
555.8,9.99991E-01
555.9,9.99972E-01
556.0,9.99944E-01
556.1,9.99907E-01
556.2,9.99862E-01
556.3,9.99808E-01
556.4,9.99746E-01
556.5,9.99676E-01
556.6,9.99599E-01
556.7,9.99514E-01
556.8,9.99423E-01
556.9,9.99325E-01
557.0,9.99220E-01
557.1,9.99109E-01
557.2,9.98993E-01
557.3,9.98870E-01
557.4,9.98742E-01
557.5,9.98610E-01
557.6,9.98472E-01
557.7,9.98330E-01
557.8,9.98184E-01
557.9,9.98033E-01
558.0,9.97879E-01
558.1,9.97722E-01
558.2,9.97561E-01
558.3,9.97398E-01
558.4,9.97231E-01
558.5,9.97063E-01
558.6,9.96892E-01
558.7,9.96719E-01
558.8,9.96545E-01
558.9,9.96370E-01
559.0,9.96193E-01
559.1,9.96016E-01
559.2,9.95838E-01
559.3,9.95660E-01
559.4,9.95483E-01
559.5,9.95305E-01
559.6,9.95128E-01
559.7,9.94952E-01
559.8,9.94776E-01
559.9,9.94603E-01
560.0,9.94430E-01
560.1,9.94260E-01
560.2,9.94091E-01
560.3,9.93924E-01
560.4,9.93758E-01
560.5,9.93594E-01
560.6,9.93430E-01
560.7,9.93268E-01
560.8,9.93106E-01
560.9,9.92944E-01
561.0,9.92783E-01
561.1,9.92622E-01
561.2,9.92462E-01
561.3,9.92301E-01
561.4,9.92140E-01
561.5,9.91978E-01
561.6,9.91816E-01
561.7,9.91653E-01
561.8,9.91489E-01
561.9,9.91324E-01
562.0,9.91158E-01
562.1,9.90990E-01
562.2,9.90821E-01
562.3,9.90650E-01
562.4,9.90477E-01
562.5,9.90303E-01
562.6,9.90126E-01
562.7,9.89946E-01
562.8,9.89764E-01
562.9,9.89580E-01
563.0,9.89392E-01
563.1,9.89202E-01
563.2,9.89009E-01
563.3,9.88812E-01
563.4,9.88612E-01
563.5,9.88408E-01
563.6,9.88200E-01
563.7,9.87988E-01
563.8,9.87773E-01
563.9,9.87553E-01
564.0,9.87329E-01
564.1,9.87100E-01
564.2,9.86867E-01
564.3,9.86628E-01
564.4,9.86385E-01
564.5,9.86137E-01
564.6,9.85883E-01
564.7,9.85624E-01
564.8,9.85359E-01
564.9,9.85089E-01
565.0,9.84813E-01
565.1,9.84530E-01
565.2,9.84242E-01
565.3,9.83948E-01
565.4,9.83648E-01
565.5,9.83342E-01
565.6,9.83030E-01
565.7,9.82713E-01
565.8,9.82389E-01
565.9,9.82060E-01
566.0,9.81725E-01
566.1,9.81385E-01
566.2,9.81039E-01
566.3,9.80687E-01
566.4,9.80330E-01
566.5,9.79967E-01
566.6,9.79599E-01
566.7,9.79225E-01
566.8,9.78846E-01
566.9,9.78461E-01
567.0,9.78071E-01
567.1,9.77676E-01
567.2,9.77276E-01
567.3,9.76870E-01
567.4,9.76459E-01
567.5,9.76043E-01
567.6,9.75622E-01
567.7,9.75195E-01
567.8,9.74764E-01
567.9,9.74328E-01
568.0,9.73886E-01
568.1,9.73440E-01
568.2,9.72988E-01
568.3,9.72532E-01
568.4,9.72071E-01
568.5,9.71605E-01
568.6,9.71134E-01
568.7,9.70658E-01
568.8,9.70178E-01
568.9,9.69693E-01
569.0,9.69203E-01
569.1,9.68708E-01
569.2,9.68209E-01
569.3,9.67706E-01
569.4,9.67198E-01
569.5,9.66685E-01
569.6,9.66168E-01
569.7,9.65646E-01
569.8,9.65120E-01
569.9,9.64589E-01
570.0,9.64055E-01
570.1,9.63515E-01
570.2,9.62972E-01
570.3,9.62423E-01
570.4,9.61870E-01
570.5,9.61312E-01
570.6,9.60749E-01
570.7,9.60180E-01
570.8,9.59606E-01
570.9,9.59026E-01
571.0,9.58441E-01
571.1,9.57850E-01
571.2,9.57252E-01
571.3,9.56649E-01
571.4,9.56039E-01
571.5,9.55423E-01
571.6,9.54800E-01
571.7,9.54170E-01
571.8,9.53533E-01
571.9,9.52889E-01
572.0,9.52238E-01
572.1,9.51579E-01
572.2,9.50913E-01
572.3,9.50240E-01
572.4,9.49558E-01
572.5,9.48869E-01
572.6,9.48171E-01
572.7,9.47465E-01
572.8,9.46751E-01
572.9,9.46028E-01
573.0,9.45297E-01
573.1,9.44557E-01
573.2,9.43807E-01
573.3,9.43049E-01
573.4,9.42282E-01
573.5,9.41505E-01
573.6,9.40719E-01
573.7,9.39923E-01
573.8,9.39118E-01
573.9,9.38303E-01
574.0,9.37477E-01
574.1,9.36642E-01
574.2,9.35796E-01
574.3,9.34940E-01
574.4,9.34074E-01
574.5,9.33197E-01
574.6,9.32309E-01
574.7,9.31411E-01
574.8,9.30502E-01
574.9,9.29581E-01
575.0,9.28649E-01
575.1,9.27707E-01
575.2,9.26753E-01
575.3,9.25789E-01
575.4,9.24815E-01
575.5,9.23833E-01
575.6,9.22841E-01
575.7,9.21841E-01
575.8,9.20833E-01
575.9,9.19817E-01
576.0,9.18795E-01
576.1,9.17767E-01
576.2,9.16732E-01
576.3,9.15693E-01
576.4,9.14648E-01
576.5,9.13599E-01
576.6,9.12545E-01
576.7,9.11489E-01
576.8,9.10429E-01
576.9,9.09366E-01
577.0,9.08301E-01
577.1,9.07235E-01
577.2,9.06167E-01
577.3,9.05099E-01
577.4,9.04030E-01
577.5,9.02962E-01
577.6,9.01893E-01
577.7,9.00826E-01
577.8,8.99761E-01
577.9,8.98697E-01
578.0,8.97635E-01
578.1,8.96576E-01
578.2,8.95521E-01
578.3,8.94469E-01
578.4,8.93421E-01
578.5,8.92377E-01
578.6,8.91338E-01
578.7,8.90305E-01
578.8,8.89277E-01
578.9,8.88255E-01
579.0,8.87240E-01
579.1,8.86232E-01
579.2,8.85231E-01
579.3,8.84238E-01
579.4,8.83253E-01
579.5,8.82276E-01
579.6,8.81309E-01
579.7,8.80351E-01
579.8,8.79402E-01
579.9,8.78464E-01
580.0,8.77536E-01
580.1,8.76619E-01
580.2,8.75713E-01
580.3,8.74816E-01
580.4,8.73930E-01
580.5,8.73052E-01
580.6,8.72184E-01
580.7,8.71324E-01
580.8,8.70472E-01
580.9,8.69629E-01
581.0,8.68792E-01
581.1,8.67962E-01
581.2,8.67139E-01
581.3,8.66323E-01
581.4,8.65512E-01
581.5,8.64706E-01
581.6,8.63906E-01
581.7,8.63110E-01
581.8,8.62319E-01
581.9,8.61531E-01
582.0,8.60747E-01
582.1,8.59967E-01
582.2,8.59189E-01
582.3,8.58413E-01
582.4,8.57640E-01
582.5,8.56868E-01
582.6,8.56098E-01
582.7,8.55329E-01
582.8,8.54560E-01
582.9,8.53792E-01
583.0,8.53023E-01
583.1,8.52254E-01
583.2,8.51485E-01
583.3,8.50714E-01
583.4,8.49941E-01
583.5,8.49167E-01
583.6,8.48390E-01
583.7,8.47611E-01
583.8,8.46828E-01
583.9,8.46043E-01
584.0,8.45253E-01
584.1,8.44460E-01
584.2,8.43663E-01
584.3,8.42860E-01
584.4,8.42053E-01
584.5,8.41240E-01
584.6,8.40422E-01
584.7,8.39597E-01
584.8,8.38766E-01
584.9,8.37929E-01
585.0,8.37084E-01
585.1,8.36232E-01
585.2,8.35372E-01
585.3,8.34505E-01
585.4,8.33631E-01
585.5,8.32750E-01
585.6,8.31862E-01
585.7,8.30967E-01
585.8,8.30065E-01
585.9,8.29156E-01
586.0,8.28241E-01
586.1,8.27319E-01
586.2,8.26390E-01
586.3,8.25455E-01
586.4,8.24513E-01
586.5,8.23565E-01
586.6,8.22611E-01
586.7,8.21650E-01
586.8,8.20683E-01
586.9,8.19711E-01
587.0,8.18732E-01
587.1,8.17747E-01
587.2,8.16757E-01
587.3,8.15761E-01
587.4,8.14759E-01
587.5,8.13752E-01
587.6,8.12739E-01
587.7,8.11721E-01
587.8,8.10698E-01
587.9,8.09669E-01
588.0,8.08635E-01
588.1,8.07596E-01
588.2,8.06552E-01
588.3,8.05503E-01
588.4,8.04450E-01
588.5,8.03391E-01
588.6,8.02328E-01
588.7,8.01260E-01
588.8,8.00188E-01
588.9,7.99111E-01
589.0,7.98030E-01
589.1,7.96944E-01
589.2,7.95854E-01
589.3,7.94761E-01
589.4,7.93663E-01
589.5,7.92561E-01
589.6,7.91455E-01
589.7,7.90346E-01
589.8,7.89232E-01
589.9,7.88116E-01
590.0,7.86995E-01
590.1,7.85871E-01
590.2,7.84744E-01
590.3,7.83613E-01
590.4,7.82478E-01
590.5,7.81341E-01
590.6,7.80200E-01
590.7,7.79056E-01
590.8,7.77908E-01
590.9,7.76758E-01
591.0,7.75604E-01
591.1,7.74447E-01
591.2,7.73287E-01
591.3,7.72124E-01
591.4,7.70958E-01
591.5,7.69789E-01
591.6,7.68617E-01
591.7,7.67442E-01
591.8,7.66264E-01
591.9,7.65083E-01
592.0,7.63900E-01
592.1,7.62713E-01
592.2,7.61524E-01
592.3,7.60332E-01
592.4,7.59138E-01
592.5,7.57941E-01
592.6,7.56741E-01
592.7,7.55538E-01
592.8,7.54333E-01
592.9,7.53126E-01
593.0,7.51916E-01
593.1,7.50703E-01
593.2,7.49488E-01
593.3,7.48271E-01
593.4,7.47051E-01
593.5,7.45829E-01
593.6,7.44604E-01
593.7,7.43377E-01
593.8,7.42148E-01
593.9,7.40917E-01
594.0,7.39683E-01
594.1,7.38447E-01
594.2,7.37209E-01
594.3,7.35969E-01
594.4,7.34727E-01
594.5,7.33483E-01
594.6,7.32237E-01
594.7,7.30988E-01
594.8,7.29738E-01
594.9,7.28485E-01
595.0,7.27231E-01
595.1,7.25975E-01
595.2,7.24716E-01
595.3,7.23456E-01
595.4,7.22195E-01
595.5,7.20931E-01
595.6,7.19666E-01
595.7,7.18399E-01
595.8,7.17130E-01
595.9,7.15860E-01
596.0,7.14588E-01
596.1,7.13314E-01
596.2,7.12040E-01
596.3,7.10763E-01
596.4,7.09486E-01
596.5,7.08207E-01
596.6,7.06926E-01
596.7,7.05645E-01
596.8,7.04362E-01
596.9,7.03078E-01
597.0,7.01793E-01
597.1,7.00506E-01
597.2,6.99219E-01
597.3,6.97931E-01
597.4,6.96641E-01
597.5,6.95351E-01
597.6,6.94060E-01
597.7,6.92768E-01
597.8,6.91475E-01
597.9,6.90181E-01
598.0,6.88887E-01
598.1,6.87591E-01
598.2,6.86296E-01
598.3,6.84999E-01
598.4,6.83702E-01
598.5,6.82405E-01
598.6,6.81107E-01
598.7,6.79808E-01
598.8,6.78509E-01
598.9,6.77210E-01
599.0,6.75910E-01
599.1,6.74610E-01
599.2,6.73310E-01
599.3,6.72010E-01
599.4,6.70709E-01
599.5,6.69408E-01
599.6,6.68107E-01
599.7,6.66806E-01
599.8,6.65505E-01
599.9,6.64204E-01
600.0,6.62904E-01
600.1,6.61603E-01
600.2,6.60302E-01
600.3,6.59001E-01
600.4,6.57700E-01
600.5,6.56399E-01
600.6,6.55098E-01
600.7,6.53797E-01
600.8,6.52495E-01
600.9,6.51193E-01
601.0,6.49891E-01
601.1,6.48589E-01
601.2,6.47286E-01
601.3,6.45982E-01
601.4,6.44678E-01
601.5,6.43374E-01
601.6,6.42068E-01
601.7,6.40763E-01
601.8,6.39456E-01
601.9,6.38149E-01
602.0,6.36841E-01
602.1,6.35532E-01
602.2,6.34223E-01
602.3,6.32912E-01
602.4,6.31600E-01
602.5,6.30288E-01
602.6,6.28974E-01
602.7,6.27660E-01
602.8,6.26344E-01
602.9,6.25027E-01
603.0,6.23709E-01
603.1,6.22390E-01
603.2,6.21069E-01
603.3,6.19747E-01
603.4,6.18424E-01
603.5,6.17100E-01
603.6,6.15773E-01
603.7,6.14446E-01
603.8,6.13117E-01
603.9,6.11786E-01
604.0,6.10454E-01
604.1,6.09120E-01
604.2,6.07785E-01
604.3,6.06448E-01
604.4,6.05109E-01
604.5,6.03768E-01
604.6,6.02426E-01
604.7,6.01082E-01
604.8,5.99735E-01
604.9,5.98387E-01
605.0,5.97037E-01
605.1,5.95686E-01
605.2,5.94332E-01
605.3,5.92976E-01
605.4,5.91619E-01
605.5,5.90259E-01
605.6,5.88898E-01
605.7,5.87536E-01
605.8,5.86172E-01
605.9,5.84806E-01
606.0,5.83440E-01
606.1,5.82071E-01
606.2,5.80702E-01
606.3,5.79331E-01
606.4,5.77959E-01
606.5,5.76585E-01
606.6,5.75211E-01
606.7,5.73836E-01
606.8,5.72460E-01
606.9,5.71082E-01
607.0,5.69704E-01
607.1,5.68326E-01
607.2,5.66946E-01
607.3,5.65566E-01
607.4,5.64185E-01
607.5,5.62803E-01
607.6,5.61421E-01
607.7,5.60039E-01
607.8,5.58656E-01
607.9,5.57273E-01
608.0,5.55889E-01
608.1,5.54505E-01
608.2,5.53121E-01
608.3,5.51737E-01
608.4,5.50353E-01
608.5,5.48968E-01
608.6,5.47584E-01
608.7,5.46200E-01
608.8,5.44815E-01
608.9,5.43431E-01
609.0,5.42047E-01
609.1,5.40664E-01
609.2,5.39280E-01
609.3,5.37897E-01
609.4,5.36515E-01
609.5,5.35133E-01
609.6,5.33751E-01
609.7,5.32370E-01
609.8,5.30989E-01
609.9,5.29609E-01
610.0,5.28230E-01
610.1,5.26851E-01
610.2,5.25473E-01
610.3,5.24096E-01
610.4,5.22719E-01
610.5,5.21343E-01
610.6,5.19968E-01
610.7,5.18594E-01
610.8,5.17220E-01
610.9,5.15847E-01
611.0,5.14475E-01
611.1,5.13103E-01
611.2,5.11732E-01
611.3,5.10362E-01
611.4,5.08992E-01
611.5,5.07623E-01
611.6,5.06255E-01
611.7,5.04887E-01
611.8,5.03520E-01
611.9,5.02154E-01
612.0,5.00788E-01
612.1,4.99423E-01
612.2,4.98059E-01
612.3,4.96695E-01
612.4,4.95332E-01
612.5,4.93970E-01
612.6,4.92608E-01
612.7,4.91247E-01
612.8,4.89887E-01
612.9,4.88528E-01
613.0,4.87169E-01
613.1,4.85810E-01
613.2,4.84453E-01
613.3,4.83096E-01
613.4,4.81740E-01
613.5,4.80384E-01
613.6,4.79029E-01
613.7,4.77675E-01
613.8,4.76321E-01
613.9,4.74968E-01
614.0,4.73616E-01
614.1,4.72264E-01
614.2,4.70914E-01
614.3,4.69563E-01
614.4,4.68214E-01
614.5,4.66865E-01
614.6,4.65517E-01
614.7,4.64169E-01
614.8,4.62822E-01
614.9,4.61476E-01
615.0,4.60131E-01
615.1,4.58786E-01
615.2,4.57442E-01
615.3,4.56099E-01
615.4,4.54757E-01
615.5,4.53415E-01
615.6,4.52075E-01
615.7,4.50736E-01
615.8,4.49398E-01
615.9,4.48061E-01
616.0,4.46726E-01
616.1,4.45392E-01
616.2,4.44059E-01
616.3,4.42728E-01
616.4,4.41399E-01
616.5,4.40071E-01
616.6,4.38745E-01
616.7,4.37421E-01
616.8,4.36098E-01
616.9,4.34778E-01
617.0,4.33459E-01
617.1,4.32142E-01
617.2,4.30828E-01
617.3,4.29515E-01
617.4,4.28205E-01
617.5,4.26897E-01
617.6,4.25591E-01
617.7,4.24288E-01
617.8,4.22987E-01
617.9,4.21688E-01
618.0,4.20392E-01
618.1,4.19098E-01
618.2,4.17808E-01
618.3,4.16519E-01
618.4,4.15234E-01
618.5,4.13951E-01
618.6,4.12671E-01
618.7,4.11394E-01
618.8,4.10120E-01
618.9,4.08849E-01
619.0,4.07581E-01
619.1,4.06316E-01
619.2,4.05054E-01
619.3,4.03795E-01
619.4,4.02540E-01
619.5,4.01287E-01
619.6,4.00038E-01
619.7,3.98792E-01
619.8,3.97550E-01
619.9,3.96311E-01
620.0,3.95076E-01
620.1,3.93843E-01
620.2,3.92615E-01
620.3,3.91389E-01
620.4,3.90167E-01
620.5,3.88947E-01
620.6,3.87731E-01
620.7,3.86517E-01
620.8,3.85305E-01
620.9,3.84096E-01
621.0,3.82889E-01
621.1,3.81685E-01
621.2,3.80482E-01
621.3,3.79281E-01
621.4,3.78082E-01
621.5,3.76885E-01
621.6,3.75689E-01
621.7,3.74495E-01
621.8,3.73302E-01
621.9,3.72110E-01
622.0,3.70919E-01
622.1,3.69729E-01
622.2,3.68540E-01
622.3,3.67352E-01
622.4,3.66164E-01
622.5,3.64977E-01
622.6,3.63790E-01
622.7,3.62603E-01
622.8,3.61417E-01
622.9,3.60231E-01
623.0,3.59045E-01
623.1,3.57858E-01
623.2,3.56672E-01
623.3,3.55485E-01
623.4,3.54298E-01
623.5,3.53110E-01
623.6,3.51922E-01
623.7,3.50733E-01
623.8,3.49543E-01
623.9,3.48353E-01
624.0,3.47162E-01
624.1,3.45969E-01
624.2,3.44776E-01
624.3,3.43581E-01
624.4,3.42385E-01
624.5,3.41188E-01
624.6,3.39989E-01
624.7,3.38789E-01
624.8,3.37588E-01
624.9,3.36384E-01
625.0,3.35179E-01
625.1,3.33973E-01
625.2,3.32765E-01
625.3,3.31555E-01
625.4,3.30344E-01
625.5,3.29131E-01
625.6,3.27918E-01
625.7,3.26704E-01
625.8,3.25489E-01
625.9,3.24273E-01
626.0,3.23056E-01
626.1,3.21839E-01
626.2,3.20622E-01
626.3,3.19405E-01
626.4,3.18187E-01
626.5,3.16969E-01
626.6,3.15752E-01
626.7,3.14535E-01
626.8,3.13318E-01
626.9,3.12102E-01
627.0,3.10886E-01
627.1,3.09671E-01
627.2,3.08457E-01
627.3,3.07243E-01
627.4,3.06031E-01
627.5,3.04820E-01
627.6,3.03610E-01
627.7,3.02401E-01
627.8,3.01194E-01
627.9,2.99988E-01
628.0,2.98784E-01
628.1,2.97582E-01
628.2,2.96381E-01
628.3,2.95182E-01
628.4,2.93986E-01
628.5,2.92791E-01
628.6,2.91599E-01
628.7,2.90409E-01
628.8,2.89221E-01
628.9,2.88036E-01
629.0,2.86853E-01
629.1,2.85672E-01
629.2,2.84495E-01
629.3,2.83320E-01
629.4,2.82148E-01
629.5,2.80979E-01
629.6,2.79813E-01
629.7,2.78650E-01
629.8,2.77491E-01
629.9,2.76334E-01
630.0,2.75181E-01
630.1,2.74031E-01
630.2,2.72884E-01
630.3,2.71741E-01
630.4,2.70601E-01
630.5,2.69465E-01
630.6,2.68332E-01
630.7,2.67202E-01
630.8,2.66076E-01
630.9,2.64954E-01
631.0,2.63834E-01
631.1,2.62719E-01
631.2,2.61606E-01
631.3,2.60497E-01
631.4,2.59392E-01
631.5,2.58290E-01
631.6,2.57192E-01
631.7,2.56097E-01
631.8,2.55005E-01
631.9,2.53917E-01
632.0,2.52833E-01
632.1,2.51752E-01
632.2,2.50675E-01
632.3,2.49601E-01
632.4,2.48531E-01
632.5,2.47464E-01
632.6,2.46401E-01
632.7,2.45341E-01
632.8,2.44285E-01
632.9,2.43232E-01
633.0,2.42183E-01
633.1,2.41138E-01
633.2,2.40096E-01
633.3,2.39058E-01
633.4,2.38023E-01
633.5,2.36992E-01
633.6,2.35965E-01
633.7,2.34941E-01
633.8,2.33920E-01
633.9,2.32904E-01
634.0,2.31890E-01
634.1,2.30881E-01
634.2,2.29875E-01
634.3,2.28872E-01
634.4,2.27874E-01
634.5,2.26878E-01
634.6,2.25887E-01
634.7,2.24899E-01
634.8,2.23914E-01
634.9,2.22934E-01
635.0,2.21956E-01
635.1,2.20983E-01
635.2,2.20013E-01
635.3,2.19046E-01
635.4,2.18084E-01
635.5,2.17124E-01
635.6,2.16169E-01
635.7,2.15217E-01
635.8,2.14268E-01
635.9,2.13324E-01
636.0,2.12383E-01
636.1,2.11445E-01
636.2,2.10511E-01
636.3,2.09581E-01
636.4,2.08654E-01
636.5,2.07731E-01
636.6,2.06812E-01
636.7,2.05896E-01
636.8,2.04983E-01
636.9,2.04075E-01
637.0,2.03170E-01
637.1,2.02268E-01
637.2,2.01371E-01
637.3,2.00476E-01
637.4,1.99586E-01
637.5,1.98699E-01
637.6,1.97815E-01
637.7,1.96936E-01
637.8,1.96059E-01
637.9,1.95187E-01
638.0,1.94318E-01
638.1,1.93452E-01
638.2,1.92591E-01
638.3,1.91732E-01
638.4,1.90878E-01
638.5,1.90027E-01
638.6,1.89179E-01
638.7,1.88335E-01
638.8,1.87495E-01
638.9,1.86658E-01
639.0,1.85825E-01
639.1,1.84995E-01
639.2,1.84169E-01
639.3,1.83347E-01
639.4,1.82528E-01
639.5,1.81712E-01
639.6,1.80900E-01
639.7,1.80092E-01
639.8,1.79287E-01
639.9,1.78486E-01
640.0,1.77688E-01
640.1,1.76894E-01
640.2,1.76103E-01
640.3,1.75316E-01
640.4,1.74532E-01
640.5,1.73751E-01
640.6,1.72973E-01
640.7,1.72198E-01
640.8,1.71427E-01
640.9,1.70658E-01
641.0,1.69893E-01
641.1,1.69130E-01
641.2,1.68370E-01
641.3,1.67612E-01
641.4,1.66858E-01
641.5,1.66106E-01
641.6,1.65356E-01
641.7,1.64609E-01
641.8,1.63864E-01
641.9,1.63122E-01
642.0,1.62382E-01
642.1,1.61644E-01
642.2,1.60909E-01
642.3,1.60176E-01
642.4,1.59444E-01
642.5,1.58715E-01
642.6,1.57988E-01
642.7,1.57263E-01
642.8,1.56540E-01
642.9,1.55818E-01
643.0,1.55099E-01
643.1,1.54381E-01
643.2,1.53665E-01
643.3,1.52950E-01
643.4,1.52237E-01
643.5,1.51526E-01
643.6,1.50816E-01
643.7,1.50108E-01
643.8,1.49401E-01
643.9,1.48696E-01
644.0,1.47992E-01
644.1,1.47289E-01
644.2,1.46588E-01
644.3,1.45888E-01
644.4,1.45189E-01
644.5,1.44491E-01
644.6,1.43795E-01
644.7,1.43100E-01
644.8,1.42406E-01
644.9,1.41712E-01
645.0,1.41020E-01
645.1,1.40329E-01
645.2,1.39639E-01
645.3,1.38950E-01
645.4,1.38262E-01
645.5,1.37576E-01
645.6,1.36890E-01
645.7,1.36206E-01
645.8,1.35523E-01
645.9,1.34842E-01
646.0,1.34161E-01
646.1,1.33482E-01
646.2,1.32805E-01
646.3,1.32129E-01
646.4,1.31454E-01
646.5,1.30781E-01
646.6,1.30110E-01
646.7,1.29440E-01
646.8,1.28772E-01
646.9,1.28105E-01
647.0,1.27440E-01
647.1,1.26777E-01
647.2,1.26115E-01
647.3,1.25456E-01
647.4,1.24798E-01
647.5,1.24141E-01
647.6,1.23487E-01
647.7,1.22835E-01
647.8,1.22184E-01
647.9,1.21535E-01
648.0,1.20889E-01
648.1,1.20244E-01
648.2,1.19601E-01
648.3,1.18961E-01
648.4,1.18322E-01
648.5,1.17685E-01
648.6,1.17051E-01
648.7,1.16419E-01
648.8,1.15788E-01
648.9,1.15160E-01
649.0,1.14534E-01
649.1,1.13911E-01
649.2,1.13289E-01
649.3,1.12670E-01
649.4,1.12053E-01
649.5,1.11438E-01
649.6,1.10826E-01
649.7,1.10216E-01
649.8,1.09608E-01
649.9,1.09003E-01
650.0,1.08400E-01
650.1,1.07799E-01
650.2,1.07201E-01
650.3,1.06605E-01
650.4,1.06011E-01
650.5,1.05420E-01
650.6,1.04831E-01
650.7,1.04245E-01
650.8,1.03661E-01
650.9,1.03080E-01
651.0,1.02501E-01
651.1,1.01924E-01
651.2,1.01350E-01
651.3,1.00778E-01
651.4,1.00209E-01
651.5,9.96424E-02
651.6,9.90782E-02
651.7,9.85164E-02
651.8,9.79571E-02
651.9,9.74002E-02
652.0,9.68459E-02
652.1,9.62940E-02
652.2,9.57446E-02
652.3,9.51977E-02
652.4,9.46534E-02
652.5,9.41115E-02
652.6,9.35720E-02
652.7,9.30351E-02
652.8,9.25007E-02
652.9,9.19688E-02
653.0,9.14394E-02
653.1,9.09125E-02
653.2,9.03882E-02
653.3,8.98663E-02
653.4,8.93469E-02
653.5,8.88300E-02
653.6,8.83156E-02
653.7,8.78038E-02
653.8,8.72944E-02
653.9,8.67875E-02
654.0,8.62832E-02
654.1,8.57813E-02
654.2,8.52820E-02
654.3,8.47851E-02
654.4,8.42907E-02
654.5,8.37989E-02
654.6,8.33095E-02
654.7,8.28226E-02
654.8,8.23382E-02
654.9,8.18563E-02
655.0,8.13769E-02
655.1,8.08999E-02
655.2,8.04254E-02
655.3,7.99534E-02
655.4,7.94838E-02
655.5,7.90167E-02
655.6,7.85520E-02
655.7,7.80897E-02
655.8,7.76297E-02
655.9,7.71722E-02
656.0,7.67171E-02
656.1,7.62643E-02
656.2,7.58139E-02
656.3,7.53658E-02
656.4,7.49201E-02
656.5,7.44767E-02
656.6,7.40355E-02
656.7,7.35967E-02
656.8,7.31602E-02
656.9,7.27260E-02
657.0,7.22940E-02
657.1,7.18643E-02
657.2,7.14369E-02
657.3,7.10117E-02
657.4,7.05887E-02
657.5,7.01679E-02
657.6,6.97494E-02
657.7,6.93330E-02
657.8,6.89188E-02
657.9,6.85068E-02
658.0,6.80970E-02
658.1,6.76893E-02
658.2,6.72837E-02
658.3,6.68803E-02
658.4,6.64791E-02
658.5,6.60799E-02
658.6,6.56828E-02
658.7,6.52879E-02
658.8,6.48950E-02
658.9,6.45042E-02
659.0,6.41155E-02
659.1,6.37288E-02
659.2,6.33442E-02
659.3,6.29616E-02
659.4,6.25810E-02
659.5,6.22025E-02
659.6,6.18260E-02
659.7,6.14514E-02
659.8,6.10789E-02
659.9,6.07083E-02
660.0,6.03398E-02
660.1,5.99731E-02
660.2,5.96085E-02
660.3,5.92458E-02
660.4,5.88850E-02
660.5,5.85261E-02
660.6,5.81692E-02
660.7,5.78142E-02
660.8,5.74611E-02
660.9,5.71099E-02
661.0,5.67606E-02
661.1,5.64132E-02
661.2,5.60676E-02
661.3,5.57240E-02
661.4,5.53822E-02
661.5,5.50422E-02
661.6,5.47041E-02
661.7,5.43678E-02
661.8,5.40334E-02
661.9,5.37008E-02
662.0,5.33700E-02
662.1,5.30410E-02
662.2,5.27138E-02
662.3,5.23884E-02
662.4,5.20648E-02
662.5,5.17430E-02
662.6,5.14229E-02
662.7,5.11047E-02
662.8,5.07881E-02
662.9,5.04734E-02
663.0,5.01603E-02
663.1,4.98490E-02
663.2,4.95394E-02
663.3,4.92316E-02
663.4,4.89254E-02
663.5,4.86209E-02
663.6,4.83182E-02
663.7,4.80172E-02
663.8,4.77178E-02
663.9,4.74201E-02
664.0,4.71241E-02
664.1,4.68297E-02
664.2,4.65370E-02
664.3,4.62459E-02
664.4,4.59565E-02
664.5,4.56687E-02
664.6,4.53825E-02
664.7,4.50979E-02
664.8,4.48149E-02
664.9,4.45336E-02
665.0,4.42538E-02
665.1,4.39757E-02
665.2,4.36991E-02
665.3,4.34240E-02
665.4,4.31506E-02
665.5,4.28786E-02
665.6,4.26083E-02
665.7,4.23394E-02
665.8,4.20721E-02
665.9,4.18063E-02
666.0,4.15420E-02
666.1,4.12793E-02
666.2,4.10180E-02
666.3,4.07582E-02
666.4,4.04998E-02
666.5,4.02430E-02
666.6,3.99876E-02
666.7,3.97336E-02
666.8,3.94811E-02
666.9,3.92301E-02
667.0,3.89804E-02
667.1,3.87322E-02
667.2,3.84854E-02
667.3,3.82400E-02
667.4,3.79960E-02
667.5,3.77534E-02
667.6,3.75122E-02
667.7,3.72723E-02
667.8,3.70338E-02
667.9,3.67967E-02
668.0,3.65609E-02
668.1,3.63265E-02
668.2,3.60934E-02
668.3,3.58616E-02
668.4,3.56312E-02
668.5,3.54021E-02
668.6,3.51743E-02
668.7,3.49477E-02
668.8,3.47225E-02
668.9,3.44986E-02
669.0,3.42760E-02
669.1,3.40546E-02
669.2,3.38345E-02
669.3,3.36157E-02
669.4,3.33981E-02
669.5,3.31817E-02
669.6,3.29666E-02
669.7,3.27528E-02
669.8,3.25401E-02
669.9,3.23287E-02
670.0,3.21185E-02
670.1,3.19095E-02
670.2,3.17017E-02
670.3,3.14951E-02
670.4,3.12897E-02
670.5,3.10855E-02
670.6,3.08825E-02
670.7,3.06806E-02
670.8,3.04799E-02
670.9,3.02803E-02
671.0,3.00819E-02
671.1,2.98847E-02
671.2,2.96886E-02
671.3,2.94936E-02
671.4,2.92997E-02
671.5,2.91070E-02
671.6,2.89154E-02
671.7,2.87249E-02
671.8,2.85355E-02
671.9,2.83472E-02
672.0,2.81600E-02
672.1,2.79739E-02
672.2,2.77889E-02
672.3,2.76049E-02
672.4,2.74221E-02
672.5,2.72402E-02
672.6,2.70595E-02
672.7,2.68798E-02
672.8,2.67011E-02
672.9,2.65235E-02
673.0,2.63470E-02
673.1,2.61715E-02
673.2,2.59970E-02
673.3,2.58235E-02
673.4,2.56510E-02
673.5,2.54796E-02
673.6,2.53091E-02
673.7,2.51397E-02
673.8,2.49712E-02
673.9,2.48038E-02
674.0,2.46373E-02
674.1,2.44718E-02
674.2,2.43073E-02
674.3,2.41438E-02
674.4,2.39812E-02
674.5,2.38196E-02
674.6,2.36589E-02
674.7,2.34992E-02
674.8,2.33404E-02
674.9,2.31826E-02
675.0,2.30257E-02
675.1,2.28698E-02
675.2,2.27148E-02
675.3,2.25606E-02
675.4,2.24075E-02
675.5,2.22552E-02
675.6,2.21038E-02
675.7,2.19534E-02
675.8,2.18038E-02
675.9,2.16552E-02
676.0,2.15074E-02
676.1,2.13606E-02
676.2,2.12146E-02
676.3,2.10695E-02
676.4,2.09253E-02
676.5,2.07820E-02
676.6,2.06395E-02
676.7,2.04979E-02
676.8,2.03572E-02
676.9,2.02174E-02
677.0,2.00784E-02
677.1,1.99402E-02
677.2,1.98029E-02
677.3,1.96665E-02
677.4,1.95309E-02
677.5,1.93961E-02
677.6,1.92622E-02
677.7,1.91291E-02
677.8,1.89968E-02
677.9,1.88654E-02
678.0,1.87347E-02
678.1,1.86049E-02
678.2,1.84759E-02
678.3,1.83477E-02
678.4,1.82203E-02
678.5,1.80938E-02
678.6,1.79680E-02
678.7,1.78430E-02
678.8,1.77188E-02
678.9,1.75953E-02
679.0,1.74727E-02
679.1,1.73508E-02
679.2,1.72297E-02
679.3,1.71094E-02
679.4,1.69899E-02
679.5,1.68711E-02
679.6,1.67530E-02
679.7,1.66358E-02
679.8,1.65192E-02
679.9,1.64034E-02
680.0,1.62884E-02
680.1,1.61741E-02
680.2,1.60606E-02
680.3,1.59477E-02
680.4,1.58356E-02
680.5,1.57242E-02
680.6,1.56135E-02
680.7,1.55035E-02
680.8,1.53942E-02
680.9,1.52856E-02
681.0,1.51777E-02
681.1,1.50704E-02
681.2,1.49638E-02
681.3,1.48579E-02
681.4,1.47527E-02
681.5,1.46481E-02
681.6,1.45441E-02
681.7,1.44408E-02
681.8,1.43382E-02
681.9,1.42361E-02
682.0,1.41347E-02
682.1,1.40339E-02
682.2,1.39338E-02
682.3,1.38342E-02
682.4,1.37353E-02
682.5,1.36369E-02
682.6,1.35392E-02
682.7,1.34420E-02
682.8,1.33455E-02
682.9,1.32495E-02
683.0,1.31541E-02
683.1,1.30592E-02
683.2,1.29650E-02
683.3,1.28713E-02
683.4,1.27782E-02
683.5,1.26856E-02
683.6,1.25936E-02
683.7,1.25021E-02
683.8,1.24112E-02
683.9,1.23208E-02
684.0,1.22309E-02
684.1,1.21416E-02
684.2,1.20528E-02
684.3,1.19645E-02
684.4,1.18768E-02
684.5,1.17896E-02
684.6,1.17029E-02
684.7,1.16166E-02
684.8,1.15309E-02
684.9,1.14458E-02
685.0,1.13611E-02
685.1,1.12769E-02
685.2,1.11932E-02
685.3,1.11100E-02
685.4,1.10273E-02
685.5,1.09451E-02
685.6,1.08634E-02
685.7,1.07823E-02
685.8,1.07016E-02
685.9,1.06215E-02
686.0,1.05419E-02
686.1,1.04628E-02
686.2,1.03843E-02
686.3,1.03063E-02
686.4,1.02288E-02
686.5,1.01518E-02
686.6,1.00754E-02
686.7,9.99950E-03
686.8,9.92415E-03
686.9,9.84933E-03
687.0,9.77505E-03
687.1,9.70131E-03
687.2,9.62811E-03
687.3,9.55544E-03
687.4,9.48332E-03
687.5,9.41174E-03
687.6,9.34070E-03
687.7,9.27020E-03
687.8,9.20025E-03
687.9,9.13083E-03
688.0,9.06196E-03
688.1,8.99363E-03
688.2,8.92584E-03
688.3,8.85859E-03
688.4,8.79189E-03
688.5,8.72572E-03
688.6,8.66009E-03
688.7,8.59500E-03
688.8,8.53045E-03
688.9,8.46644E-03
689.0,8.40296E-03
689.1,8.34002E-03
689.2,8.27761E-03
689.3,8.21574E-03
689.4,8.15440E-03
689.5,8.09359E-03
689.6,8.03331E-03
689.7,7.97356E-03
689.8,7.91433E-03
689.9,7.85563E-03
690.0,7.79746E-03
690.1,7.73980E-03
690.2,7.68266E-03
690.3,7.62603E-03
690.4,7.56990E-03
690.5,7.51426E-03
690.6,7.45911E-03
690.7,7.40444E-03
690.8,7.35024E-03
690.9,7.29650E-03
691.0,7.24323E-03
691.1,7.19041E-03
691.2,7.13803E-03
691.3,7.08610E-03
691.4,7.03460E-03
691.5,6.98353E-03
691.6,6.93288E-03
691.7,6.88264E-03
691.8,6.83282E-03
691.9,6.78340E-03
692.0,6.73438E-03
692.1,6.68576E-03
692.2,6.63752E-03
692.3,6.58967E-03
692.4,6.54219E-03
692.5,6.49509E-03
692.6,6.44836E-03
692.7,6.40198E-03
692.8,6.35597E-03
692.9,6.31031E-03
693.0,6.26500E-03
693.1,6.22003E-03
693.2,6.17541E-03
693.3,6.13111E-03
693.4,6.08715E-03
693.5,6.04352E-03
693.6,6.00020E-03
693.7,5.95721E-03
693.8,5.91453E-03
693.9,5.87215E-03
694.0,5.83009E-03
694.1,5.78832E-03
694.2,5.74685E-03
694.3,5.70568E-03
694.4,5.66480E-03
694.5,5.62420E-03
694.6,5.58389E-03
694.7,5.54385E-03
694.8,5.50409E-03
694.9,5.46461E-03
695.0,5.42539E-03
695.1,5.38644E-03
695.2,5.34775E-03
695.3,5.30933E-03
695.4,5.27117E-03
695.5,5.23327E-03
695.6,5.19563E-03
695.7,5.15825E-03
695.8,5.12112E-03
695.9,5.08425E-03
696.0,5.04763E-03
696.1,5.01127E-03
696.2,4.97516E-03
696.3,4.93929E-03
696.4,4.90368E-03
696.5,4.86831E-03
696.6,4.83319E-03
696.7,4.79831E-03
696.8,4.76368E-03
696.9,4.72929E-03
697.0,4.69514E-03
697.1,4.66123E-03
697.2,4.62756E-03
697.3,4.59412E-03
697.4,4.56092E-03
697.5,4.52795E-03
697.6,4.49522E-03
697.7,4.46272E-03
697.8,4.43045E-03
697.9,4.39841E-03
698.0,4.36659E-03
698.1,4.33500E-03
698.2,4.30364E-03
698.3,4.27250E-03
698.4,4.24158E-03
698.5,4.21089E-03
698.6,4.18041E-03
698.7,4.15016E-03
698.8,4.12012E-03
698.9,4.09029E-03
699.0,4.06069E-03
699.1,4.03129E-03
699.2,4.00211E-03
699.3,3.97314E-03
699.4,3.94437E-03
699.5,3.91582E-03
699.6,3.88748E-03
699.7,3.85934E-03
699.8,3.83140E-03
699.9,3.80367E-03
700.0,3.77614E-03
700.1,3.74881E-03
700.2,3.72168E-03
700.3,3.69475E-03
700.4,3.66801E-03
700.5,3.64147E-03
700.6,3.61512E-03
700.7,3.58895E-03
700.8,3.56298E-03
700.9,3.53719E-03
701.0,3.51158E-03
701.1,3.48615E-03
701.2,3.46091E-03
701.3,3.43584E-03
701.4,3.41095E-03
701.5,3.38623E-03
701.6,3.36169E-03
701.7,3.33732E-03
701.8,3.31311E-03
701.9,3.28908E-03
702.0,3.26521E-03
702.1,3.24151E-03
702.2,3.21797E-03
702.3,3.19459E-03
702.4,3.17137E-03
702.5,3.14831E-03
702.6,3.12541E-03
702.7,3.10266E-03
702.8,3.08007E-03
702.9,3.05763E-03
703.0,3.03534E-03
703.1,3.01321E-03
703.2,2.99122E-03
703.3,2.96937E-03
703.4,2.94768E-03
703.5,2.92613E-03
703.6,2.90472E-03
703.7,2.88345E-03
703.8,2.86233E-03
703.9,2.84134E-03
704.0,2.82050E-03
704.1,2.79979E-03
704.2,2.77921E-03
704.3,2.75877E-03
704.4,2.73847E-03
704.5,2.71829E-03
704.6,2.69825E-03
704.7,2.67834E-03
704.8,2.65856E-03
704.9,2.63890E-03
705.0,2.61937E-03
705.1,2.59997E-03
705.2,2.58069E-03
705.3,2.56154E-03
705.4,2.54251E-03
705.5,2.52361E-03
705.6,2.50484E-03
705.7,2.48618E-03
705.8,2.46765E-03
705.9,2.44924E-03
706.0,2.43096E-03
706.1,2.41280E-03
706.2,2.39476E-03
706.3,2.37684E-03
706.4,2.35905E-03
706.5,2.34137E-03
706.6,2.32382E-03
706.7,2.30638E-03
706.8,2.28907E-03
706.9,2.27187E-03
707.0,2.25480E-03
707.1,2.23784E-03
707.2,2.22100E-03
707.3,2.20428E-03
707.4,2.18767E-03
707.5,2.17119E-03
707.6,2.15482E-03
707.7,2.13856E-03
707.8,2.12242E-03
707.9,2.10640E-03
708.0,2.09049E-03
708.1,2.07469E-03
708.2,2.05901E-03
708.3,2.04344E-03
708.4,2.02799E-03
708.5,2.01264E-03
708.6,1.99741E-03
708.7,1.98229E-03
708.8,1.96728E-03
708.9,1.95238E-03
709.0,1.93759E-03
709.1,1.92290E-03
709.2,1.90833E-03
709.3,1.89387E-03
709.4,1.87951E-03
709.5,1.86526E-03
709.6,1.85111E-03
709.7,1.83708E-03
709.8,1.82314E-03
709.9,1.80932E-03
710.0,1.79560E-03
710.1,1.78198E-03
710.2,1.76846E-03
710.3,1.75505E-03
710.4,1.74174E-03
710.5,1.72853E-03
710.6,1.71542E-03
710.7,1.70241E-03
710.8,1.68951E-03
710.9,1.67670E-03
711.0,1.66399E-03
711.1,1.65138E-03
711.2,1.63886E-03
711.3,1.62645E-03
711.4,1.61413E-03
711.5,1.60190E-03
711.6,1.58977E-03
711.7,1.57774E-03
711.8,1.56580E-03
711.9,1.55395E-03
712.0,1.54220E-03
712.1,1.53053E-03
712.2,1.51896E-03
712.3,1.50748E-03
712.4,1.49610E-03
712.5,1.48480E-03
712.6,1.47359E-03
712.7,1.46247E-03
712.8,1.45144E-03
712.9,1.44050E-03
713.0,1.42964E-03
713.1,1.41887E-03
713.2,1.40819E-03
713.3,1.39759E-03
713.4,1.38708E-03
713.5,1.37665E-03
713.6,1.36630E-03
713.7,1.35604E-03
713.8,1.34586E-03
713.9,1.33577E-03
714.0,1.32575E-03
714.1,1.31582E-03
714.2,1.30597E-03
714.3,1.29619E-03
714.4,1.28650E-03
714.5,1.27689E-03
714.6,1.26735E-03
714.7,1.25789E-03
714.8,1.24851E-03
714.9,1.23921E-03
715.0,1.22998E-03
715.1,1.22083E-03
715.2,1.21175E-03
715.3,1.20275E-03
715.4,1.19382E-03
715.5,1.18496E-03
715.6,1.17618E-03
715.7,1.16746E-03
715.8,1.15882E-03
715.9,1.15024E-03
716.0,1.14173E-03
716.1,1.13329E-03
716.2,1.12492E-03
716.3,1.11662E-03
716.4,1.10838E-03
716.5,1.10020E-03
716.6,1.09209E-03
716.7,1.08404E-03
716.8,1.07605E-03
716.9,1.06813E-03
717.0,1.06027E-03
717.1,1.05247E-03
717.2,1.04473E-03
717.3,1.03705E-03
717.4,1.02942E-03
717.5,1.02186E-03
717.6,1.01435E-03
717.7,1.00690E-03
717.8,9.99506E-04
717.9,9.92168E-04
718.0,9.84885E-04
718.1,9.77657E-04
718.2,9.70483E-04
718.3,9.63362E-04
718.4,9.56295E-04
718.5,9.49279E-04
718.6,9.42316E-04
718.7,9.35404E-04
718.8,9.28542E-04
718.9,9.21731E-04
719.0,9.14970E-04
719.1,9.08258E-04
719.2,9.01595E-04
719.3,8.94981E-04
719.4,8.88414E-04
719.5,8.81894E-04
719.6,8.75421E-04
719.7,8.68995E-04
719.8,8.62615E-04
719.9,8.56280E-04
720.0,8.49990E-04
720.1,8.43745E-04
720.2,8.37545E-04
720.3,8.31388E-04
720.4,8.25276E-04
720.5,8.19207E-04
720.6,8.13183E-04
720.7,8.07201E-04
720.8,8.01263E-04
720.9,7.95368E-04
721.0,7.89516E-04
721.1,7.83706E-04
721.2,7.77939E-04
721.3,7.72214E-04
721.4,7.66531E-04
721.5,7.60890E-04
721.6,7.55290E-04
721.7,7.49732E-04
721.8,7.44215E-04
721.9,7.38739E-04
722.0,7.33304E-04
722.1,7.27909E-04
722.2,7.22555E-04
722.3,7.17240E-04
722.4,7.11966E-04
722.5,7.06731E-04
722.6,7.01536E-04
722.7,6.96380E-04
722.8,6.91263E-04
722.9,6.86185E-04
723.0,6.81146E-04
723.1,6.76145E-04
723.2,6.71182E-04
723.3,6.66257E-04
723.4,6.61370E-04
723.5,6.56521E-04
723.6,6.51708E-04
723.7,6.46933E-04
723.8,6.42195E-04
723.9,6.37494E-04
724.0,6.32829E-04
724.1,6.28200E-04
724.2,6.23607E-04
724.3,6.19050E-04
724.4,6.14529E-04
724.5,6.10043E-04
724.6,6.05593E-04
724.7,6.01177E-04
724.8,5.96796E-04
724.9,5.92450E-04
725.0,5.88138E-04
725.1,5.83860E-04
725.2,5.79615E-04
725.3,5.75405E-04
725.4,5.71227E-04
725.5,5.67082E-04
725.6,5.62970E-04
725.7,5.58890E-04
725.8,5.54841E-04
725.9,5.50825E-04
726.0,5.46839E-04
726.1,5.42884E-04
726.2,5.38960E-04
726.3,5.35066E-04
726.4,5.31203E-04
726.5,5.27369E-04
726.6,5.23564E-04
726.7,5.19789E-04
726.8,5.16042E-04
726.9,5.12324E-04
727.0,5.08635E-04
727.1,5.04973E-04
727.2,5.01340E-04
727.3,4.97734E-04
727.4,4.94155E-04
727.5,4.90603E-04
727.6,4.87078E-04
727.7,4.83579E-04
727.8,4.80107E-04
727.9,4.76661E-04
728.0,4.73240E-04
728.1,4.69845E-04
728.2,4.66476E-04
728.3,4.63131E-04
728.4,4.59811E-04
728.5,4.56516E-04
728.6,4.53245E-04
728.7,4.49999E-04
728.8,4.46776E-04
728.9,4.43577E-04
729.0,4.40402E-04
729.1,4.37249E-04
729.2,4.34120E-04
729.3,4.31014E-04
729.4,4.27930E-04
729.5,4.24869E-04
729.6,4.21830E-04
729.7,4.18813E-04
729.8,4.15818E-04
729.9,4.12845E-04
730.0,4.09893E-04
730.1,4.06962E-04
730.2,4.04053E-04
730.3,4.01164E-04
730.4,3.98296E-04
730.5,3.95448E-04
730.6,3.92621E-04
730.7,3.89815E-04
730.8,3.87028E-04
730.9,3.84261E-04
731.0,3.81514E-04
731.1,3.78786E-04
731.2,3.76078E-04
731.3,3.73389E-04
731.4,3.70719E-04
731.5,3.68068E-04
731.6,3.65435E-04
731.7,3.62822E-04
731.8,3.60226E-04
731.9,3.57649E-04
732.0,3.55090E-04
732.1,3.52549E-04
732.2,3.50026E-04
732.3,3.47521E-04
732.4,3.45033E-04
732.5,3.42563E-04
732.6,3.40109E-04
732.7,3.37673E-04
732.8,3.35254E-04
732.9,3.32852E-04
733.0,3.30467E-04
733.1,3.28098E-04
733.2,3.25746E-04
733.3,3.23409E-04
733.4,3.21090E-04
733.5,3.18786E-04
733.6,3.16498E-04
733.7,3.14226E-04
733.8,3.11969E-04
733.9,3.09728E-04
734.0,3.07503E-04
734.1,3.05293E-04
734.2,3.03098E-04
734.3,3.00918E-04
734.4,2.98753E-04
734.5,2.96603E-04
734.6,2.94468E-04
734.7,2.92347E-04
734.8,2.90241E-04
734.9,2.88149E-04
735.0,2.86072E-04
735.1,2.84008E-04
735.2,2.81959E-04
735.3,2.79924E-04
735.4,2.77903E-04
735.5,2.75896E-04
735.6,2.73903E-04
735.7,2.71925E-04
735.8,2.69960E-04
735.9,2.68009E-04
736.0,2.66072E-04
736.1,2.64149E-04
736.2,2.62239E-04
736.3,2.60344E-04
736.4,2.58462E-04
736.5,2.56594E-04
736.6,2.54740E-04
736.7,2.52899E-04
736.8,2.51072E-04
736.9,2.49259E-04
737.0,2.47459E-04
737.1,2.45672E-04
737.2,2.43899E-04
737.3,2.42139E-04
737.4,2.40393E-04
737.5,2.38660E-04
737.6,2.36940E-04
737.7,2.35233E-04
737.8,2.33540E-04
737.9,2.31859E-04
738.0,2.30192E-04
738.1,2.28537E-04
738.2,2.26896E-04
738.3,2.25267E-04
738.4,2.23651E-04
738.5,2.22048E-04
738.6,2.20458E-04
738.7,2.18880E-04
738.8,2.17315E-04
738.9,2.15763E-04
739.0,2.14223E-04
739.1,2.12695E-04
739.2,2.11180E-04
739.3,2.09677E-04
739.4,2.08186E-04
739.5,2.06707E-04
739.6,2.05241E-04
739.7,2.03786E-04
739.8,2.02344E-04
739.9,2.00913E-04
740.0,1.99495E-04
740.1,1.98088E-04
740.2,1.96693E-04
740.3,1.95309E-04
740.4,1.93937E-04
740.5,1.92576E-04
740.6,1.91226E-04
740.7,1.89887E-04
740.8,1.88559E-04
740.9,1.87241E-04
741.0,1.85934E-04
741.1,1.84637E-04
741.2,1.83350E-04
741.3,1.82073E-04
741.4,1.80806E-04
741.5,1.79549E-04
741.6,1.78302E-04
741.7,1.77064E-04
741.8,1.75836E-04
741.9,1.74617E-04
742.0,1.73407E-04
742.1,1.72206E-04
742.2,1.71014E-04
742.3,1.69831E-04
742.4,1.68656E-04
742.5,1.67490E-04
742.6,1.66333E-04
742.7,1.65184E-04
742.8,1.64043E-04
742.9,1.62911E-04
743.0,1.61786E-04
743.1,1.60670E-04
743.2,1.59561E-04
743.3,1.58461E-04
743.4,1.57367E-04
743.5,1.56282E-04
743.6,1.55204E-04
743.7,1.54133E-04
743.8,1.53069E-04
743.9,1.52013E-04
744.0,1.50964E-04
744.1,1.49922E-04
744.2,1.48887E-04
744.3,1.47859E-04
744.4,1.46837E-04
744.5,1.45822E-04
744.6,1.44814E-04
744.7,1.43813E-04
744.8,1.42818E-04
744.9,1.41829E-04
745.0,1.40847E-04
745.1,1.39870E-04
745.2,1.38901E-04
745.3,1.37937E-04
745.4,1.36980E-04
745.5,1.36028E-04
745.6,1.35083E-04
745.7,1.34144E-04
745.8,1.33211E-04
745.9,1.32285E-04
746.0,1.31364E-04
746.1,1.30450E-04
746.2,1.29541E-04
746.3,1.28639E-04
746.4,1.27743E-04
746.5,1.26852E-04
746.6,1.25968E-04
746.7,1.25090E-04
746.8,1.24217E-04
746.9,1.23351E-04
747.0,1.22490E-04
747.1,1.21636E-04
747.2,1.20787E-04
747.3,1.19944E-04
747.4,1.19107E-04
747.5,1.18276E-04
747.6,1.17450E-04
747.7,1.16631E-04
747.8,1.15817E-04
747.9,1.15009E-04
748.0,1.14206E-04
748.1,1.13409E-04
748.2,1.12618E-04
748.3,1.11832E-04
748.4,1.11052E-04
748.5,1.10278E-04
748.6,1.09509E-04
748.7,1.08746E-04
748.8,1.07988E-04
748.9,1.07236E-04
749.0,1.06489E-04
749.1,1.05747E-04
749.2,1.05011E-04
749.3,1.04280E-04
749.4,1.03555E-04
749.5,1.02835E-04
749.6,1.02121E-04
749.7,1.01411E-04
749.8,1.00707E-04
749.9,1.00008E-04
750.0,9.93144E-05
750.1,9.86259E-05
750.2,9.79425E-05
750.3,9.72642E-05
750.4,9.65909E-05
750.5,9.59227E-05
750.6,9.52594E-05
750.7,9.46011E-05
750.8,9.39476E-05
750.9,9.32989E-05
751.0,9.26551E-05
751.1,9.20160E-05
751.2,9.13817E-05
751.3,9.07520E-05
751.4,9.01270E-05
751.5,8.95066E-05
751.6,8.88907E-05
751.7,8.82794E-05
751.8,8.76726E-05
751.9,8.70702E-05
752.0,8.64722E-05
752.1,8.58787E-05
752.2,8.52894E-05
752.3,8.47045E-05
752.4,8.41239E-05
752.5,8.35475E-05
752.6,8.29753E-05
752.7,8.24072E-05
752.8,8.18433E-05
752.9,8.12835E-05
753.0,8.07278E-05
753.1,8.01761E-05
753.2,7.96284E-05
753.3,7.90847E-05
753.4,7.85449E-05
753.5,7.80090E-05
753.6,7.74770E-05
753.7,7.69489E-05
753.8,7.64245E-05
753.9,7.59040E-05
754.0,7.53872E-05
754.1,7.48741E-05
754.2,7.43647E-05
754.3,7.38589E-05
754.4,7.33568E-05
754.5,7.28583E-05
754.6,7.23634E-05
754.7,7.18720E-05
754.8,7.13841E-05
754.9,7.08997E-05
755.0,7.04188E-05
755.1,6.99413E-05
755.2,6.94672E-05
755.3,6.89965E-05
755.4,6.85291E-05
755.5,6.80650E-05
755.6,6.76042E-05
755.7,6.71467E-05
755.8,6.66924E-05
755.9,6.62413E-05
756.0,6.57934E-05
756.1,6.53486E-05
756.2,6.49069E-05
756.3,6.44683E-05
756.4,6.40328E-05
756.5,6.36003E-05
756.6,6.31708E-05
756.7,6.27443E-05
756.8,6.23208E-05
756.9,6.19002E-05
757.0,6.14825E-05
757.1,6.10677E-05
757.2,6.06557E-05
757.3,6.02466E-05
757.4,5.98403E-05
757.5,5.94368E-05
757.6,5.90360E-05
757.7,5.86380E-05
757.8,5.82426E-05
757.9,5.78500E-05
758.0,5.74601E-05
758.1,5.70728E-05
758.2,5.66881E-05
758.3,5.63060E-05
758.4,5.59266E-05
758.5,5.55496E-05
758.6,5.51753E-05
758.7,5.48034E-05
758.8,5.44340E-05
758.9,5.40671E-05
759.0,5.37027E-05
759.1,5.33407E-05
759.2,5.29812E-05
759.3,5.26240E-05
759.4,5.22692E-05
759.5,5.19168E-05
759.6,5.15667E-05
759.7,5.12189E-05
759.8,5.08734E-05
759.9,5.05303E-05
760.0,5.01893E-05
760.1,4.98507E-05
760.2,4.95142E-05
760.3,4.91801E-05
760.4,4.88481E-05
760.5,4.85183E-05
760.6,4.81908E-05
760.7,4.78654E-05
760.8,4.75423E-05
760.9,4.72213E-05
761.0,4.69024E-05
761.1,4.65858E-05
761.2,4.62713E-05
761.3,4.59589E-05
761.4,4.56487E-05
761.5,4.53406E-05
761.6,4.50346E-05
761.7,4.47308E-05
761.8,4.44290E-05
761.9,4.41293E-05
762.0,4.38317E-05
762.1,4.35361E-05
762.2,4.32426E-05
762.3,4.29512E-05
762.4,4.26618E-05
762.5,4.23745E-05
762.6,4.20891E-05
762.7,4.18058E-05
762.8,4.15245E-05
762.9,4.12451E-05
763.0,4.09678E-05
763.1,4.06924E-05
763.2,4.04190E-05
763.3,4.01476E-05
763.4,3.98780E-05
763.5,3.96105E-05
763.6,3.93448E-05
763.7,3.90811E-05
763.8,3.88192E-05
763.9,3.85593E-05
764.0,3.83012E-05
764.1,3.80451E-05
764.2,3.77907E-05
764.3,3.75383E-05
764.4,3.72877E-05
764.5,3.70389E-05
764.6,3.67919E-05
764.7,3.65468E-05
764.8,3.63035E-05
764.9,3.60619E-05
765.0,3.58222E-05
765.1,3.55842E-05
765.2,3.53480E-05
765.3,3.51135E-05
765.4,3.48807E-05
765.5,3.46497E-05
765.6,3.44203E-05
765.7,3.41925E-05
765.8,3.39664E-05
765.9,3.37419E-05
766.0,3.35190E-05
766.1,3.32977E-05
766.2,3.30780E-05
766.3,3.28598E-05
766.4,3.26431E-05
766.5,3.24279E-05
766.6,3.22143E-05
766.7,3.20021E-05
766.8,3.17913E-05
766.9,3.15821E-05
767.0,3.13742E-05
767.1,3.11677E-05
767.2,3.09627E-05
767.3,3.07590E-05
767.4,3.05567E-05
767.5,3.03557E-05
767.6,3.01561E-05
767.7,2.99578E-05
767.8,2.97608E-05
767.9,2.95651E-05
768.0,2.93707E-05
768.1,2.91775E-05
768.2,2.89856E-05
768.3,2.87949E-05
768.4,2.86055E-05
768.5,2.84173E-05
768.6,2.82302E-05
768.7,2.80444E-05
768.8,2.78597E-05
768.9,2.76762E-05
769.0,2.74938E-05
769.1,2.73126E-05
769.2,2.71325E-05
769.3,2.69535E-05
769.4,2.67756E-05
769.5,2.65988E-05
769.6,2.64231E-05
769.7,2.62484E-05
769.8,2.60749E-05
769.9,2.59023E-05
770.0,2.57308E-05
770.1,2.55604E-05
770.2,2.53909E-05
770.3,2.52225E-05
770.4,2.50551E-05
770.5,2.48888E-05
770.6,2.47235E-05
770.7,2.45592E-05
770.8,2.43959E-05
770.9,2.42337E-05
771.0,2.40725E-05
771.1,2.39123E-05
771.2,2.37532E-05
771.3,2.35951E-05
771.4,2.34380E-05
771.5,2.32819E-05
771.6,2.31269E-05
771.7,2.29729E-05
771.8,2.28199E-05
771.9,2.26680E-05
772.0,2.25170E-05
772.1,2.23671E-05
772.2,2.22182E-05
772.3,2.20704E-05
772.4,2.19235E-05
772.5,2.17776E-05
772.6,2.16328E-05
772.7,2.14890E-05
772.8,2.13461E-05
772.9,2.12043E-05
773.0,2.10635E-05
773.1,2.09237E-05
773.2,2.07849E-05
773.3,2.06470E-05
773.4,2.05102E-05
773.5,2.03744E-05
773.6,2.02395E-05
773.7,2.01056E-05
773.8,1.99728E-05
773.9,1.98408E-05
774.0,1.97099E-05
774.1,1.95799E-05
774.2,1.94510E-05
774.3,1.93229E-05
774.4,1.91959E-05
774.5,1.90698E-05
774.6,1.89446E-05
774.7,1.88204E-05
774.8,1.86972E-05
774.9,1.85749E-05
775.0,1.84535E-05
775.1,1.83331E-05
775.2,1.82136E-05
775.3,1.80951E-05
775.4,1.79774E-05
775.5,1.78606E-05
775.6,1.77447E-05
775.7,1.76297E-05
775.8,1.75156E-05
775.9,1.74023E-05
776.0,1.72898E-05
776.1,1.71782E-05
776.2,1.70673E-05
776.3,1.69573E-05
776.4,1.68482E-05
776.5,1.67397E-05
776.6,1.66321E-05
776.7,1.65253E-05
776.8,1.64192E-05
776.9,1.63139E-05
777.0,1.62093E-05
777.1,1.61054E-05
777.2,1.60023E-05
777.3,1.58999E-05
777.4,1.57982E-05
777.5,1.56973E-05
777.6,1.55970E-05
777.7,1.54974E-05
777.8,1.53984E-05
777.9,1.53002E-05
778.0,1.52026E-05
778.1,1.51057E-05
778.2,1.50094E-05
778.3,1.49138E-05
778.4,1.48188E-05
778.5,1.47244E-05
778.6,1.46306E-05
778.7,1.45375E-05
778.8,1.44450E-05
778.9,1.43530E-05
779.0,1.42617E-05
779.1,1.41709E-05
779.2,1.40808E-05
779.3,1.39912E-05
779.4,1.39021E-05
779.5,1.38136E-05
779.6,1.37257E-05
779.7,1.36383E-05
779.8,1.35515E-05
779.9,1.34652E-05
780.0,1.33795E-05
780.1,1.32942E-05
780.2,1.32095E-05
780.3,1.31253E-05
780.4,1.30416E-05
780.5,1.29585E-05
780.6,1.28758E-05
780.7,1.27937E-05
780.8,1.27121E-05
780.9,1.26310E-05
781.0,1.25504E-05
781.1,1.24703E-05
781.2,1.23907E-05
781.3,1.23116E-05
781.4,1.22330E-05
781.5,1.21549E-05
781.6,1.20773E-05
781.7,1.20001E-05
781.8,1.19235E-05
781.9,1.18474E-05
782.0,1.17717E-05
782.1,1.16965E-05
782.2,1.16218E-05
782.3,1.15476E-05
782.4,1.14738E-05
782.5,1.14005E-05
782.6,1.13277E-05
782.7,1.12554E-05
782.8,1.11835E-05
782.9,1.11121E-05
783.0,1.10412E-05
783.1,1.09707E-05
783.2,1.09007E-05
783.3,1.08311E-05
783.4,1.07620E-05
783.5,1.06933E-05
783.6,1.06251E-05
783.7,1.05573E-05
783.8,1.04900E-05
783.9,1.04231E-05
784.0,1.03566E-05
784.1,1.02906E-05
784.2,1.02250E-05
784.3,1.01599E-05
784.4,1.00952E-05
784.5,1.00309E-05
784.6,9.96702E-06
784.7,9.90359E-06
784.8,9.84057E-06
784.9,9.77798E-06
785.0,9.71580E-06
785.1,9.65404E-06
785.2,9.59268E-06
785.3,9.53174E-06
785.4,9.47120E-06
785.5,9.41107E-06
785.6,9.35133E-06
785.7,9.29199E-06
785.8,9.23305E-06
785.9,9.17449E-06
786.0,9.11632E-06
786.1,9.05853E-06
786.2,9.00112E-06
786.3,8.94409E-06
786.4,8.88743E-06
786.5,8.83115E-06
786.6,8.77523E-06
786.7,8.71968E-06
786.8,8.66450E-06
786.9,8.60967E-06
787.0,8.55520E-06
787.1,8.50109E-06
787.2,8.44732E-06
787.3,8.39391E-06
787.4,8.34084E-06
787.5,8.28812E-06
787.6,8.23573E-06
787.7,8.18369E-06
787.8,8.13198E-06
787.9,8.08061E-06
788.0,8.02956E-06
788.1,7.97884E-06
788.2,7.92845E-06
788.3,7.87839E-06
788.4,7.82864E-06
788.5,7.77921E-06
788.6,7.73010E-06
788.7,7.68130E-06
788.8,7.63282E-06
788.9,7.58464E-06
789.0,7.53677E-06
789.1,7.48920E-06
789.2,7.44194E-06
789.3,7.39497E-06
789.4,7.34830E-06
789.5,7.30193E-06
789.6,7.25585E-06
789.7,7.21006E-06
789.8,7.16456E-06
789.9,7.11935E-06
790.0,7.07442E-06
790.1,7.02978E-06
790.2,6.98541E-06
790.3,6.94133E-06
790.4,6.89752E-06
790.5,6.85399E-06
790.6,6.81074E-06
790.7,6.76776E-06
790.8,6.72506E-06
790.9,6.68263E-06
791.0,6.64046E-06
791.1,6.59857E-06
791.2,6.55695E-06
791.3,6.51559E-06
791.4,6.47449E-06
791.5,6.43367E-06
791.6,6.39310E-06
791.7,6.35280E-06
791.8,6.31275E-06
791.9,6.27297E-06
792.0,6.23344E-06
792.1,6.19417E-06
792.2,6.15515E-06
792.3,6.11639E-06
792.4,6.07787E-06
792.5,6.03961E-06
792.6,6.00160E-06
792.7,5.96384E-06
792.8,5.92633E-06
792.9,5.88906E-06
793.0,5.85204E-06
793.1,5.81525E-06
793.2,5.77872E-06
793.3,5.74242E-06
793.4,5.70636E-06
793.5,5.67054E-06
793.6,5.63495E-06
793.7,5.59961E-06
793.8,5.56449E-06
793.9,5.52961E-06
794.0,5.49496E-06
794.1,5.46054E-06
794.2,5.42636E-06
794.3,5.39239E-06
794.4,5.35866E-06
794.5,5.32515E-06
794.6,5.29187E-06
794.7,5.25881E-06
794.8,5.22597E-06
794.9,5.19335E-06
795.0,5.16095E-06
795.1,5.12877E-06
795.2,5.09680E-06
795.3,5.06505E-06
795.4,5.03351E-06
795.5,5.00219E-06
795.6,4.97107E-06
795.7,4.94017E-06
795.8,4.90947E-06
795.9,4.87898E-06
796.0,4.84869E-06
796.1,4.81860E-06
796.2,4.78872E-06
796.3,4.75903E-06
796.4,4.72954E-06
796.5,4.70025E-06
796.6,4.67116E-06
796.7,4.64226E-06
796.8,4.61355E-06
796.9,4.58503E-06
797.0,4.55671E-06
797.1,4.52857E-06
797.2,4.50062E-06
797.3,4.47285E-06
797.4,4.44527E-06
797.5,4.41787E-06
797.6,4.39065E-06
797.7,4.36362E-06
797.8,4.33676E-06
797.9,4.31008E-06
798.0,4.28358E-06
798.1,4.25725E-06
798.2,4.23110E-06
798.3,4.20512E-06
798.4,4.17931E-06
798.5,4.15367E-06
798.6,4.12820E-06
798.7,4.10290E-06
798.8,4.07777E-06
798.9,4.05280E-06
799.0,4.02799E-06
799.1,4.00335E-06
799.2,3.97887E-06
799.3,3.95455E-06
799.4,3.93039E-06
799.5,3.90639E-06
799.6,3.88255E-06
799.7,3.85886E-06
799.8,3.83533E-06
799.9,3.81195E-06
800.0,3.78873E-06
800.1,3.76566E-06
800.2,3.74273E-06
800.3,3.71996E-06
800.4,3.69733E-06
800.5,3.67485E-06
800.6,3.65252E-06
800.7,3.63033E-06
800.8,3.60828E-06
800.9,3.58637E-06
801.0,3.56460E-06
801.1,3.54297E-06
801.2,3.52147E-06
801.3,3.50011E-06
801.4,3.47889E-06
801.5,3.45780E-06
801.6,3.43683E-06
801.7,3.41600E-06
801.8,3.39530E-06
801.9,3.37473E-06
802.0,3.35428E-06
802.1,3.33396E-06
802.2,3.31377E-06
802.3,3.29370E-06
802.4,3.27375E-06
802.5,3.25392E-06
802.6,3.23421E-06
802.7,3.21462E-06
802.8,3.19515E-06
802.9,3.17580E-06
803.0,3.15656E-06
803.1,3.13743E-06
803.2,3.11842E-06
803.3,3.09953E-06
803.4,3.08074E-06
803.5,3.06207E-06
803.6,3.04350E-06
803.7,3.02505E-06
803.8,3.00670E-06
803.9,2.98846E-06
804.0,2.97033E-06
804.1,2.95230E-06
804.2,2.93437E-06
804.3,2.91655E-06
804.4,2.89883E-06
804.5,2.88121E-06
804.6,2.86370E-06
804.7,2.84628E-06
804.8,2.82897E-06
804.9,2.81175E-06
805.0,2.79463E-06
805.1,2.77760E-06
805.2,2.76067E-06
805.3,2.74384E-06
805.4,2.72711E-06
805.5,2.71047E-06
805.6,2.69392E-06
805.7,2.67747E-06
805.8,2.66112E-06
805.9,2.64486E-06
806.0,2.62870E-06
806.1,2.61263E-06
806.2,2.59666E-06
806.3,2.58078E-06
806.4,2.56500E-06
806.5,2.54930E-06
806.6,2.53371E-06
806.7,2.51820E-06
806.8,2.50279E-06
806.9,2.48747E-06
807.0,2.47225E-06
807.1,2.45712E-06
807.2,2.44207E-06
807.3,2.42713E-06
807.4,2.41227E-06
807.5,2.39750E-06
807.6,2.38283E-06
807.7,2.36824E-06
807.8,2.35375E-06
807.9,2.33934E-06
808.0,2.32503E-06
808.1,2.31081E-06
808.2,2.29667E-06
808.3,2.28262E-06
808.4,2.26867E-06
808.5,2.25480E-06
808.6,2.24102E-06
808.7,2.22732E-06
808.8,2.21372E-06
808.9,2.20020E-06
809.0,2.18677E-06
809.1,2.17342E-06
809.2,2.16016E-06
809.3,2.14699E-06
809.4,2.13390E-06
809.5,2.12090E-06
809.6,2.10798E-06
809.7,2.09515E-06
809.8,2.08240E-06
809.9,2.06973E-06
810.0,2.05715E-06
810.1,2.04465E-06
810.2,2.03224E-06
810.3,2.01990E-06
810.4,2.00765E-06
810.5,1.99548E-06
810.6,1.98339E-06
810.7,1.97137E-06
810.8,1.95944E-06
810.9,1.94759E-06
811.0,1.93581E-06
811.1,1.92412E-06
811.2,1.91249E-06
811.3,1.90095E-06
811.4,1.88948E-06
811.5,1.87809E-06
811.6,1.86677E-06
811.7,1.85553E-06
811.8,1.84436E-06
811.9,1.83326E-06
812.0,1.82224E-06
812.1,1.81129E-06
812.2,1.80041E-06
812.3,1.78960E-06
812.4,1.77887E-06
812.5,1.76820E-06
812.6,1.75761E-06
812.7,1.74708E-06
812.8,1.73662E-06
812.9,1.72623E-06
813.0,1.71591E-06
813.1,1.70566E-06
813.2,1.69548E-06
813.3,1.68536E-06
813.4,1.67530E-06
813.5,1.66532E-06
813.6,1.65540E-06
813.7,1.64554E-06
813.8,1.63575E-06
813.9,1.62602E-06
814.0,1.61636E-06
814.1,1.60675E-06
814.2,1.59722E-06
814.3,1.58774E-06
814.4,1.57832E-06
814.5,1.56897E-06
814.6,1.55968E-06
814.7,1.55045E-06
814.8,1.54128E-06
814.9,1.53217E-06
815.0,1.52311E-06
815.1,1.51412E-06
815.2,1.50519E-06
815.3,1.49631E-06
815.4,1.48749E-06
815.5,1.47873E-06
815.6,1.47002E-06
815.7,1.46137E-06
815.8,1.45278E-06
815.9,1.44424E-06
816.0,1.43575E-06
816.1,1.42732E-06
816.2,1.41894E-06
816.3,1.41061E-06
816.4,1.40234E-06
816.5,1.39412E-06
816.6,1.38595E-06
816.7,1.37783E-06
816.8,1.36976E-06
816.9,1.36174E-06
817.0,1.35377E-06
817.1,1.34585E-06
817.2,1.33798E-06
817.3,1.33016E-06
817.4,1.32238E-06
817.5,1.31465E-06
817.6,1.30697E-06
817.7,1.29934E-06
817.8,1.29175E-06
817.9,1.28421E-06
818.0,1.27671E-06
818.1,1.26926E-06
818.2,1.26186E-06
818.3,1.25449E-06
818.4,1.24718E-06
818.5,1.23990E-06
818.6,1.23267E-06
818.7,1.22548E-06
818.8,1.21833E-06
818.9,1.21123E-06
819.0,1.20417E-06
819.1,1.19714E-06
819.2,1.19016E-06
819.3,1.18322E-06
819.4,1.17633E-06
819.5,1.16947E-06
819.6,1.16265E-06
819.7,1.15587E-06
819.8,1.14912E-06
819.9,1.14242E-06
820.0,1.13576E-06
820.1,1.12913E-06
820.2,1.12254E-06
820.3,1.11599E-06
820.4,1.10948E-06
820.5,1.10300E-06
820.6,1.09657E-06
820.7,1.09016E-06
820.8,1.08380E-06
820.9,1.07747E-06
821.0,1.07118E-06
821.1,1.06493E-06
821.2,1.05871E-06
821.3,1.05253E-06
821.4,1.04638E-06
821.5,1.04027E-06
821.6,1.03419E-06
821.7,1.02815E-06
821.8,1.02215E-06
821.9,1.01618E-06
822.0,1.01024E-06
822.1,1.00434E-06
822.2,9.98478E-07
822.3,9.92646E-07
822.4,9.86850E-07
822.5,9.81087E-07
822.6,9.75358E-07
822.7,9.69663E-07
822.8,9.64001E-07
822.9,9.58373E-07
823.0,9.52778E-07
823.1,9.47216E-07
823.2,9.41687E-07
823.3,9.36191E-07
823.4,9.30728E-07
823.5,9.25297E-07
823.6,9.19898E-07
823.7,9.14531E-07
823.8,9.09196E-07
823.9,9.03894E-07
824.0,8.98622E-07
824.1,8.93383E-07
824.2,8.88174E-07
824.3,8.82997E-07
824.4,8.77851E-07
824.5,8.72736E-07
824.6,8.67651E-07
824.7,8.62597E-07
824.8,8.57573E-07
824.9,8.52580E-07
825.0,8.47617E-07
825.1,8.42683E-07
825.2,8.37780E-07
825.3,8.32906E-07
825.4,8.28061E-07
825.5,8.23246E-07
825.6,8.18460E-07
825.7,8.13703E-07
825.8,8.08975E-07
825.9,8.04276E-07
826.0,7.99605E-07
826.1,7.94963E-07
826.2,7.90349E-07
826.3,7.85763E-07
826.4,7.81205E-07
826.5,7.76675E-07
826.6,7.72172E-07
826.7,7.67697E-07
826.8,7.63250E-07
826.9,7.58829E-07
827.0,7.54436E-07
827.1,7.50070E-07
827.2,7.45730E-07
827.3,7.41418E-07
827.4,7.37131E-07
827.5,7.32871E-07
827.6,7.28638E-07
827.7,7.24430E-07
827.8,7.20248E-07
827.9,7.16093E-07
828.0,7.11962E-07
828.1,7.07858E-07
828.2,7.03779E-07
828.3,6.99725E-07
828.4,6.95696E-07
828.5,6.91692E-07
828.6,6.87713E-07
828.7,6.83758E-07
828.8,6.79829E-07
828.9,6.75923E-07
829.0,6.72042E-07
829.1,6.68185E-07
829.2,6.64352E-07
829.3,6.60543E-07
829.4,6.56758E-07
829.5,6.52996E-07
829.6,6.49258E-07
829.7,6.45543E-07
829.8,6.41852E-07
829.9,6.38183E-07
830.0,6.34538E-07