390.0,-3.22907
390.1,-3.22077
390.2,-3.21248
390.3,-3.20419
390.4,-3.19591
390.5,-3.18764
390.6,-3.17937
390.7,-3.17112
390.8,-3.16287
390.9,-3.15464
391.0,-3.14641
391.1,-3.13819
391.2,-3.12998
391.3,-3.12178
391.4,-3.11359
391.5,-3.10542
391.6,-3.09725
391.7,-3.08909
391.8,-3.08094
391.9,-3.07281
392.0,-3.06468
392.1,-3.05657
392.2,-3.04847
392.3,-3.04038
392.4,-3.03230
392.5,-3.02423
392.6,-3.01618
392.7,-3.00814
392.8,-3.00011
392.9,-2.99209
393.0,-2.98409
393.1,-2.97610
393.2,-2.96812
393.3,-2.96016
393.4,-2.95221
393.5,-2.94428
393.6,-2.93636
393.7,-2.92846
393.8,-2.92056
393.9,-2.91269
394.0,-2.90483
394.1,-2.89698
394.2,-2.88915
394.3,-2.88134
394.4,-2.87354
394.5,-2.86576
394.6,-2.85799
394.7,-2.85024
394.8,-2.84251
394.9,-2.83479
395.0,-2.82709
395.1,-2.81941
395.2,-2.81175
395.3,-2.80410
395.4,-2.79647
395.5,-2.78886
395.6,-2.78126
395.7,-2.77369
395.8,-2.76613
395.9,-2.75860
396.0,-2.75108
396.1,-2.74358
396.2,-2.73610
396.3,-2.72864
396.4,-2.72120
396.5,-2.71378
396.6,-2.70638
396.7,-2.69900
396.8,-2.69164
396.9,-2.68430
397.0,-2.67698
397.1,-2.66968
397.2,-2.66241
397.3,-2.65516
397.4,-2.64792
397.5,-2.64071
397.6,-2.63353
397.7,-2.62636
397.8,-2.61922
397.9,-2.61210
398.0,-2.60500
398.1,-2.59792
398.2,-2.59087
398.3,-2.58385
398.4,-2.57684
398.5,-2.56986
398.6,-2.56291
398.7,-2.55597
398.8,-2.54907
398.9,-2.54218
399.0,-2.53533
399.1,-2.52849
399.2,-2.52169
399.3,-2.51490
399.4,-2.50815
399.5,-2.50142
399.6,-2.49471
399.7,-2.48804
399.8,-2.48138
399.9,-2.47476
400.0,-2.46816
400.1,-2.46159
400.2,-2.45505
400.3,-2.44853
400.4,-2.44204
400.5,-2.43557
400.6,-2.42913
400.7,-2.42271
400.8,-2.41632
400.9,-2.40996
401.0,-2.40362
401.1,-2.39730
401.2,-2.39101
401.3,-2.38474
401.4,-2.37849
401.5,-2.37227
401.6,-2.36607
401.7,-2.35989
401.8,-2.35373
401.9,-2.34760
402.0,-2.34148
402.1,-2.33539
402.2,-2.32932
402.3,-2.32327
402.4,-2.31724
402.5,-2.31123
402.6,-2.30524
402.7,-2.29927
402.8,-2.29332
402.9,-2.28738
403.0,-2.28147
403.1,-2.27557
403.2,-2.26969
403.3,-2.26383
403.4,-2.25799
403.5,-2.25216
403.6,-2.24635
403.7,-2.24056
403.8,-2.23478
403.9,-2.22902
404.0,-2.22327
404.1,-2.21754
404.2,-2.21183
404.3,-2.20612
404.4,-2.20044
404.5,-2.19477
404.6,-2.18911
404.7,-2.18346
404.8,-2.17783
404.9,-2.17221
405.0,-2.16660
405.1,-2.16101
405.2,-2.15543
405.3,-2.14986
405.4,-2.14431
405.5,-2.13877
405.6,-2.13324
405.7,-2.12773
405.8,-2.12223
405.9,-2.11675
406.0,-2.11129
406.1,-2.10584
406.2,-2.10041
406.3,-2.09499
406.4,-2.08960
406.5,-2.08422
406.6,-2.07886
406.7,-2.07351
406.8,-2.06819
406.9,-2.06289
407.0,-2.05761
407.1,-2.05234
407.2,-2.04710
407.3,-2.04188
407.4,-2.03668
407.5,-2.03150
407.6,-2.02635
407.7,-2.02122
407.8,-2.01611
407.9,-2.01102
408.0,-2.00596
408.1,-2.00092
408.2,-1.99591
408.3,-1.99092
408.4,-1.98596
408.5,-1.98102
408.6,-1.97611
408.7,-1.97123
408.8,-1.96637
408.9,-1.96155
409.0,-1.95675
409.1,-1.95197
409.2,-1.94723
409.3,-1.94251
409.4,-1.93783
409.5,-1.93317
409.6,-1.92855
409.7,-1.92396
409.8,-1.91939
409.9,-1.91486
410.0,-1.91036
410.1,-1.90589
410.2,-1.90146
410.3,-1.89705
410.4,-1.89268
410.5,-1.88834
410.6,-1.88402
410.7,-1.87974
410.8,-1.87549
410.9,-1.87126
411.0,-1.86707
411.1,-1.86290
411.2,-1.85876
411.3,-1.85465
411.4,-1.85057
411.5,-1.84651
411.6,-1.84248
411.7,-1.83848
411.8,-1.83450
411.9,-1.83055
412.0,-1.82662
412.1,-1.82272
412.2,-1.81884
412.3,-1.81498
412.4,-1.81115
412.5,-1.80734
412.6,-1.80356
412.7,-1.79979
412.8,-1.79605
412.9,-1.79233
413.0,-1.78863
413.1,-1.78496
413.2,-1.78130
413.3,-1.77766
413.4,-1.77404
413.5,-1.77045
413.6,-1.76687
413.7,-1.76331
413.8,-1.75977
413.9,-1.75624
414.0,-1.75274
414.1,-1.74925
414.2,-1.74577
414.3,-1.74232
414.4,-1.73888
414.5,-1.73545
414.6,-1.73205
414.7,-1.72865
414.8,-1.72527
414.9,-1.72191
415.0,-1.71856
415.1,-1.71522
415.2,-1.71190
415.3,-1.70859
415.4,-1.70529
415.5,-1.70201
415.6,-1.69874
415.7,-1.69549
415.8,-1.69225
415.9,-1.68903
416.0,-1.68582
416.1,-1.68263
416.2,-1.67945
416.3,-1.67629
416.4,-1.67314
416.5,-1.67001
416.6,-1.66690
416.7,-1.66380
416.8,-1.66072
416.9,-1.65766
417.0,-1.65461
417.1,-1.65158
417.2,-1.64857
417.3,-1.64558
417.4,-1.64260
417.5,-1.63964
417.6,-1.63670
417.7,-1.63378
417.8,-1.63087
417.9,-1.62799
418.0,-1.62512
418.1,-1.62227
418.2,-1.61944
418.3,-1.61663
418.4,-1.61384
418.5,-1.61107
418.6,-1.60832
418.7,-1.60559
418.8,-1.60288
418.9,-1.60019
419.0,-1.59751
419.1,-1.59486
419.2,-1.59224
419.3,-1.58963
419.4,-1.58704
419.5,-1.58447
419.6,-1.58193
419.7,-1.57941
419.8,-1.57691
419.9,-1.57443
420.0,-1.57197
420.1,-1.56954
420.2,-1.56713
420.3,-1.56473
420.4,-1.56236
420.5,-1.56001
420.6,-1.55768
420.7,-1.55537
420.8,-1.55308
420.9,-1.55081
421.0,-1.54855
421.1,-1.54631
421.2,-1.54409
421.3,-1.54188
421.4,-1.53969
421.5,-1.53752
421.6,-1.53536
421.7,-1.53321
421.8,-1.53108
421.9,-1.52896
422.0,-1.52685
422.1,-1.52476
422.2,-1.52267
422.3,-1.52060
422.4,-1.51854
422.5,-1.51649
422.6,-1.51445
422.7,-1.51242
422.8,-1.51039
422.9,-1.50838
423.0,-1.50637
423.1,-1.50437
423.2,-1.50238
423.3,-1.50039
423.4,-1.49841
423.5,-1.49643
423.6,-1.49446
423.7,-1.49249
423.8,-1.49052
423.9,-1.48856
424.0,-1.48660
424.1,-1.48465
424.2,-1.48269
424.3,-1.48074
424.4,-1.47879
424.5,-1.47683
424.6,-1.47488
424.7,-1.47293
424.8,-1.47097
424.9,-1.46901
425.0,-1.46705
425.1,-1.46509
425.2,-1.46313
425.3,-1.46116
425.4,-1.45919
425.5,-1.45722
425.6,-1.45524
425.7,-1.45327
425.8,-1.45129
425.9,-1.44931
426.0,-1.44733
426.1,-1.44534
426.2,-1.44336
426.3,-1.44137
426.4,-1.43939
426.5,-1.43740
426.6,-1.43541
426.7,-1.43342
426.8,-1.43143
426.9,-1.42944
427.0,-1.42745
427.1,-1.42546
427.2,-1.42346
427.3,-1.42147
427.4,-1.41948
427.5,-1.41749
427.6,-1.41550
427.7,-1.41351
427.8,-1.41152
427.9,-1.40953
428.0,-1.40754
428.1,-1.40555
428.2,-1.40356
428.3,-1.40158
428.4,-1.39959
428.5,-1.39761
428.6,-1.39563
428.7,-1.39365
428.8,-1.39167
428.9,-1.38969
429.0,-1.38772
429.1,-1.38575
429.2,-1.38378
429.3,-1.38181
429.4,-1.37984
429.5,-1.37788
429.6,-1.37592
429.7,-1.37397
429.8,-1.37201
429.9,-1.37006
430.0,-1.36811
430.1,-1.36617
430.2,-1.36423
430.3,-1.36229
430.4,-1.36035
430.5,-1.35842
430.6,-1.35649
430.7,-1.35457
430.8,-1.35265
430.9,-1.35073
431.0,-1.34881
431.1,-1.34690
431.2,-1.34500
431.3,-1.34309
431.4,-1.34119
431.5,-1.33929
431.6,-1.33740
431.7,-1.33551
431.8,-1.33362
431.9,-1.33174
432.0,-1.32986
432.1,-1.32798
432.2,-1.32611
432.3,-1.32424
432.4,-1.32238
432.5,-1.32052
432.6,-1.31866
432.7,-1.31681
432.8,-1.31496
432.9,-1.31311
433.0,-1.31127
433.1,-1.30943
433.2,-1.30759
433.3,-1.30576
433.4,-1.30394
433.5,-1.30211
433.6,-1.30030
433.7,-1.29848
433.8,-1.29667
433.9,-1.29486
434.0,-1.29306
434.1,-1.29126
434.2,-1.28947
434.3,-1.28768
434.4,-1.28589
434.5,-1.28411
434.6,-1.28233
434.7,-1.28056
434.8,-1.27879
434.9,-1.27703
435.0,-1.27527
435.1,-1.27351
435.2,-1.27176
435.3,-1.27001
435.4,-1.26827
435.5,-1.26654
435.6,-1.26481
435.7,-1.26308
435.8,-1.26136
435.9,-1.25965
436.0,-1.25794
436.1,-1.25624
436.2,-1.25455
436.3,-1.25286
436.4,-1.25118
436.5,-1.24951
436.6,-1.24785
436.7,-1.24619
436.8,-1.24454
436.9,-1.24290
437.0,-1.24127
437.1,-1.23965
437.2,-1.23803
437.3,-1.23643
437.4,-1.23483
437.5,-1.23324
437.6,-1.23166
437.7,-1.23010
437.8,-1.22854
437.9,-1.22699
438.0,-1.22546
438.1,-1.22393
438.2,-1.22241
438.3,-1.22091
438.4,-1.21942
438.5,-1.21793
438.6,-1.21646
438.7,-1.21501
438.8,-1.21356
438.9,-1.21213
439.0,-1.21071
439.1,-1.20930
439.2,-1.20790
439.3,-1.20652
439.4,-1.20515
439.5,-1.20379
439.6,-1.20245
439.7,-1.20112
439.8,-1.19981
439.9,-1.19851
440.0,-1.19722
440.1,-1.19595
440.2,-1.19470
440.3,-1.19346
440.4,-1.19223
440.5,-1.19101
440.6,-1.18981
440.7,-1.18862
440.8,-1.18744
440.9,-1.18628
441.0,-1.18513
441.1,-1.18399
441.2,-1.18285
441.3,-1.18173
441.4,-1.18063
441.5,-1.17953
441.6,-1.17844
441.7,-1.17736
441.8,-1.17629
441.9,-1.17522
442.0,-1.17417
442.1,-1.17312
442.2,-1.17209
442.3,-1.17106
442.4,-1.17003
442.5,-1.16902
442.6,-1.16801
442.7,-1.16700
442.8,-1.16600
442.9,-1.16501
443.0,-1.16402
443.1,-1.16304
443.2,-1.16206
443.3,-1.16109
443.4,-1.16012
443.5,-1.15915
443.6,-1.15819
443.7,-1.15723
443.8,-1.15627
443.9,-1.15531
444.0,-1.15436
444.1,-1.15341
444.2,-1.15246
444.3,-1.15150
444.4,-1.15055
444.5,-1.14960
444.6,-1.14865
444.7,-1.14770
444.8,-1.14675
444.9,-1.14580
445.0,-1.14485
445.1,-1.14389
445.2,-1.14293
445.3,-1.14198
445.4,-1.14102
445.5,-1.14005
445.6,-1.13909
445.7,-1.13813
445.8,-1.13717
445.9,-1.13620
446.0,-1.13524
446.1,-1.13427
446.2,-1.13330
446.3,-1.13234
446.4,-1.13137
446.5,-1.13041
446.6,-1.12944
446.7,-1.12848
446.8,-1.12751
446.9,-1.12655
447.0,-1.12559
447.1,-1.12463
447.2,-1.12367
447.3,-1.12271
447.4,-1.12175
447.5,-1.12079
447.6,-1.11984
447.7,-1.11889
447.8,-1.11794
447.9,-1.11699
448.0,-1.11604
448.1,-1.11510
448.2,-1.11416
448.3,-1.11322
448.4,-1.11228
448.5,-1.11135
448.6,-1.11042
448.7,-1.10949
448.8,-1.10857
448.9,-1.10765
449.0,-1.10673
449.1,-1.10582
449.2,-1.10491
449.3,-1.10401
449.4,-1.10311
449.5,-1.10221
449.6,-1.10132
449.7,-1.10044
449.8,-1.09955
449.9,-1.09868
450.0,-1.09781
450.1,-1.09694
450.2,-1.09608
450.3,-1.09522
450.4,-1.09437
450.5,-1.09352
450.6,-1.09267
450.7,-1.09183
450.8,-1.09099
450.9,-1.09015
451.0,-1.08932
451.1,-1.08849
451.2,-1.08765
451.3,-1.08682
451.4,-1.08600
451.5,-1.08517
451.6,-1.08434
451.7,-1.08351
451.8,-1.08268
451.9,-1.08185
452.0,-1.08102
452.1,-1.08019
452.2,-1.07936
452.3,-1.07852
452.4,-1.07769
452.5,-1.07685
452.6,-1.07600
452.7,-1.07516
452.8,-1.07431
452.9,-1.07345
453.0,-1.07259
453.1,-1.07173
453.2,-1.07086
453.3,-1.06999
453.4,-1.06911
453.5,-1.06823
453.6,-1.06734
453.7,-1.06644
453.8,-1.06554
453.9,-1.06462
454.0,-1.06371
454.1,-1.06278
454.2,-1.06184
454.3,-1.06090
454.4,-1.05995
454.5,-1.05899
454.6,-1.05801
454.7,-1.05703
454.8,-1.05604
454.9,-1.05504
455.0,-1.05403
455.1,-1.05300
455.2,-1.05197
455.3,-1.05092
455.4,-1.04987
455.5,-1.04880
455.6,-1.04772
455.7,-1.04663
455.8,-1.04552
455.9,-1.04441
456.0,-1.04328
456.1,-1.04215
456.2,-1.04100
456.3,-1.03984
456.4,-1.03866
456.5,-1.03748
456.6,-1.03628
456.7,-1.03507
456.8,-1.03385
456.9,-1.03262
457.0,-1.03138
457.1,-1.03012
457.2,-1.02885
457.3,-1.02757
457.4,-1.02628
457.5,-1.02498
457.6,-1.02366
457.7,-1.02233
457.8,-1.02099
457.9,-1.01963
458.0,-1.01827
458.1,-1.01689
458.2,-1.01549
458.3,-1.01409
458.4,-1.01267
458.5,-1.01124
458.6,-1.00980
458.7,-1.00834
458.8,-1.00688
458.9,-1.00540
459.0,-1.00390
459.1,-1.00239
459.2,-1.00087
459.3,-0.99934
459.4,-0.99779
459.5,-0.99623
459.6,-0.99466
459.7,-0.99308
459.8,-0.99148
459.9,-0.98986
460.0,-0.98824
460.1,-0.98660
460.2,-0.98495
460.3,-0.98328
460.4,-0.98160
460.5,-0.97991
460.6,-0.97821
460.7,-0.97650
460.8,-0.97478
460.9,-0.97305
461.0,-0.97130
461.1,-0.96955
461.2,-0.96779
461.3,-0.96602
461.4,-0.96424
461.5,-0.96245
461.6,-0.96066
461.7,-0.95885
461.8,-0.95704
461.9,-0.95523
462.0,-0.95340
462.1,-0.95158
462.2,-0.94974
462.3,-0.94790
462.4,-0.94606
462.5,-0.94421
462.6,-0.94236
462.7,-0.94051
462.8,-0.93865
462.9,-0.93679
463.0,-0.93493
463.1,-0.93306
463.2,-0.93119
463.3,-0.92932
463.4,-0.92746
463.5,-0.92559
463.6,-0.92372
463.7,-0.92185
463.8,-0.91998
463.9,-0.91811
464.0,-0.91624
464.1,-0.91438
464.2,-0.91252
464.3,-0.91066
464.4,-0.90880
464.5,-0.90695
464.6,-0.90510
464.7,-0.90325
464.8,-0.90141
464.9,-0.89957
465.0,-0.89774
465.1,-0.89592
465.2,-0.89410
465.3,-0.89228
465.4,-0.89047
465.5,-0.88867
465.6,-0.88688
465.7,-0.88508
465.8,-0.88330
465.9,-0.88152
466.0,-0.87975
466.1,-0.87798
466.2,-0.87622
466.3,-0.87446
466.4,-0.87271
466.5,-0.87097
466.6,-0.86923
466.7,-0.86750
466.8,-0.86578
466.9,-0.86406
467.0,-0.86235
467.1,-0.86064
467.2,-0.85894
467.3,-0.85725
467.4,-0.85557
467.5,-0.85389
467.6,-0.85222
467.7,-0.85055
467.8,-0.84889
467.9,-0.84724
468.0,-0.84559
468.1,-0.84395
468.2,-0.84232
468.3,-0.84070
468.4,-0.83908
468.5,-0.83747
468.6,-0.83586
468.7,-0.83426
468.8,-0.83267
468.9,-0.83109
469.0,-0.82952
469.1,-0.82795
469.2,-0.82638
469.3,-0.82483
469.4,-0.82328
469.5,-0.82174
469.6,-0.82021
469.7,-0.81869
469.8,-0.81717
469.9,-0.81566
470.0,-0.81416
470.1,-0.81266
470.2,-0.81118
470.3,-0.80970
470.4,-0.80822
470.5,-0.80676
470.6,-0.80530
470.7,-0.80385
470.8,-0.80240
470.9,-0.80097
471.0,-0.79953
471.1,-0.79811
471.2,-0.79669
471.3,-0.79528
471.4,-0.79387
471.5,-0.79247
471.6,-0.79108
471.7,-0.78969
471.8,-0.78830
471.9,-0.78692
472.0,-0.78555
472.1,-0.78418
472.2,-0.78282
472.3,-0.78146
472.4,-0.78011
472.5,-0.77876
472.6,-0.77742
472.7,-0.77608
472.8,-0.77474
472.9,-0.77341
473.0,-0.77208
473.1,-0.77076
473.2,-0.76944
473.3,-0.76813
473.4,-0.76681
473.5,-0.76551
473.6,-0.76420
473.7,-0.76290
473.8,-0.76160
473.9,-0.76031
474.0,-0.75901
474.1,-0.75772
474.2,-0.75644
474.3,-0.75515
474.4,-0.75387
474.5,-0.75259
474.6,-0.75131
474.7,-0.75004
474.8,-0.74876
474.9,-0.74749
475.0,-0.74622
475.1,-0.74495
475.2,-0.74369
475.3,-0.74242
475.4,-0.74116
475.5,-0.73989
475.6,-0.73863
475.7,-0.73737
475.8,-0.73612
475.9,-0.73486
476.0,-0.73360
476.1,-0.73235
476.2,-0.73110
476.3,-0.72985
476.4,-0.72860
476.5,-0.72735
476.6,-0.72611
476.7,-0.72486
476.8,-0.72362
476.9,-0.72238
477.0,-0.72113
477.1,-0.71990
477.2,-0.71866
477.3,-0.71742
477.4,-0.71619
477.5,-0.71495
477.6,-0.71372
477.7,-0.71249
477.8,-0.71126
477.9,-0.71003
478.0,-0.70880
478.1,-0.70758
478.2,-0.70635
478.3,-0.70513
478.4,-0.70391
478.5,-0.70269
478.6,-0.70147
478.7,-0.70025
478.8,-0.69903
478.9,-0.69781
479.0,-0.69660
479.1,-0.69539
479.2,-0.69417
479.3,-0.69296
479.4,-0.69175
479.5,-0.69054
479.6,-0.68934
479.7,-0.68813
479.8,-0.68692
479.9,-0.68572
480.0,-0.68452
480.1,-0.68332
480.2,-0.68211
480.3,-0.68092
480.4,-0.67972
480.5,-0.67852
480.6,-0.67732
480.7,-0.67613
480.8,-0.67494
480.9,-0.67374
481.0,-0.67255
481.1,-0.67136
481.2,-0.67018
481.3,-0.66899
481.4,-0.66781
481.5,-0.66662
481.6,-0.66544
481.7,-0.66426
481.8,-0.66309
481.9,-0.66191
482.0,-0.66074
482.1,-0.65956
482.2,-0.65839
482.3,-0.65722
482.4,-0.65606
482.5,-0.65489
482.6,-0.65373
482.7,-0.65257
482.8,-0.65141
482.9,-0.65025
483.0,-0.64910
483.1,-0.64795
483.2,-0.64680
483.3,-0.64565
483.4,-0.64450
483.5,-0.64336
483.6,-0.64222
483.7,-0.64108
483.8,-0.63995
483.9,-0.63881
484.0,-0.63768
484.1,-0.63655
484.2,-0.63543
484.3,-0.63430
484.4,-0.63318
484.5,-0.63206
484.6,-0.63095
484.7,-0.62984
484.8,-0.62873
484.9,-0.62762
485.0,-0.62651
485.1,-0.62541
485.2,-0.62431
485.3,-0.62322
485.4,-0.62212
485.5,-0.62103
485.6,-0.61994
485.7,-0.61885
485.8,-0.61776
485.9,-0.61667
486.0,-0.61558
486.1,-0.61449
486.2,-0.61341
486.3,-0.61232
486.4,-0.61123
486.5,-0.61014
486.6,-0.60905
486.7,-0.60796
486.8,-0.60687
486.9,-0.60577
487.0,-0.60467
487.1,-0.60357
487.2,-0.60247
487.3,-0.60136
487.4,-0.60026
487.5,-0.59914
487.6,-0.59803
487.7,-0.59691
487.8,-0.59578
487.9,-0.59465
488.0,-0.59352
488.1,-0.59238
488.2,-0.59124
488.3,-0.59009
488.4,-0.58893
488.5,-0.58777
488.6,-0.58660
488.7,-0.58543
488.8,-0.58425
488.9,-0.58306
489.0,-0.58186
489.1,-0.58066
489.2,-0.57944
489.3,-0.57822
489.4,-0.57699
489.5,-0.57576
489.6,-0.57451
489.7,-0.57325
489.8,-0.57199
489.9,-0.57071
490.0,-0.56943
490.1,-0.56813
490.2,-0.56683
490.3,-0.56551
490.4,-0.56418
490.5,-0.56285
490.6,-0.56150
490.7,-0.56015
490.8,-0.55879
490.9,-0.55741
491.0,-0.55603
491.1,-0.55464
491.2,-0.55324
491.3,-0.55183
491.4,-0.55042
491.5,-0.54899
491.6,-0.54756
491.7,-0.54612
491.8,-0.54468
491.9,-0.54322
492.0,-0.54176
492.1,-0.54029
492.2,-0.53881
492.3,-0.53733
492.4,-0.53584
492.5,-0.53434
492.6,-0.53284
492.7,-0.53133
492.8,-0.52982
492.9,-0.52830
493.0,-0.52677
493.1,-0.52524
493.2,-0.52371
493.3,-0.52216
493.4,-0.52062
493.5,-0.51906
493.6,-0.51751
493.7,-0.51595
493.8,-0.51438
493.9,-0.51281
494.0,-0.51124
494.1,-0.50966
494.2,-0.50808
494.3,-0.50649
494.4,-0.50491
494.5,-0.50331
494.6,-0.50172
494.7,-0.50012
494.8,-0.49852
494.9,-0.49692
495.0,-0.49531
495.1,-0.49370
495.2,-0.49209
495.3,-0.49048
495.4,-0.48887
495.5,-0.48725
495.6,-0.48563
495.7,-0.48401
495.8,-0.48239
495.9,-0.48076
496.0,-0.47914
496.1,-0.47751
496.2,-0.47588
496.3,-0.47424
496.4,-0.47261
496.5,-0.47097
496.6,-0.46933
496.7,-0.46769
496.8,-0.46605
496.9,-0.46440
497.0,-0.46276
497.1,-0.46111
497.2,-0.45946
497.3,-0.45780
497.4,-0.45615
497.5,-0.45449
497.6,-0.45284
497.7,-0.45118
497.8,-0.44952
497.9,-0.44786
498.0,-0.44619
498.1,-0.44453
498.2,-0.44286
498.3,-0.44119
498.4,-0.43952
498.5,-0.43785
498.6,-0.43617
498.7,-0.43450
498.8,-0.43282
498.9,-0.43115
499.0,-0.42947
499.1,-0.42779
499.2,-0.42611
499.3,-0.42442
499.4,-0.42274
499.5,-0.42105
499.6,-0.41937
499.7,-0.41768
499.8,-0.41599
499.9,-0.41430
500.0,-0.41261
500.1,-0.41091
500.2,-0.40922
500.3,-0.40752
500.4,-0.40583
500.5,-0.40413
500.6,-0.40243
500.7,-0.40073
500.8,-0.39904
500.9,-0.39734
501.0,-0.39563
501.1,-0.39393
501.2,-0.39223
501.3,-0.39053
501.4,-0.38883
501.5,-0.38712
501.6,-0.38542
501.7,-0.38372
501.8,-0.38201
501.9,-0.38031
502.0,-0.37861
502.1,-0.37690
502.2,-0.37520
502.3,-0.37350
502.4,-0.37179
502.5,-0.37009
502.6,-0.36839
502.7,-0.36668
502.8,-0.36498
502.9,-0.36328
503.0,-0.36158
503.1,-0.35988
503.2,-0.35818
503.3,-0.35648
503.4,-0.35478
503.5,-0.35308
503.6,-0.35138
503.7,-0.34969
503.8,-0.34799
503.9,-0.34630
504.0,-0.34461
504.1,-0.34291
504.2,-0.34122
504.3,-0.33953
504.4,-0.33785
504.5,-0.33616
504.6,-0.33447
504.7,-0.33279
504.8,-0.33111
504.9,-0.32943
505.0,-0.32775
505.1,-0.32607
505.2,-0.32439
505.3,-0.32272
505.4,-0.32105
505.5,-0.31938
505.6,-0.31771
505.7,-0.31604
505.8,-0.31438
505.9,-0.31272
506.0,-0.31106
506.1,-0.30940
506.2,-0.30774
506.3,-0.30609
506.4,-0.30444
506.5,-0.30279
506.6,-0.30114
506.7,-0.29950
506.8,-0.29785
506.9,-0.29621
507.0,-0.29458
507.1,-0.29294
507.2,-0.29131
507.3,-0.28968
507.4,-0.28805
507.5,-0.28643
507.6,-0.28481
507.7,-0.28319
507.8,-0.28157
507.9,-0.27996
508.0,-0.27835
508.1,-0.27674
508.2,-0.27514
508.3,-0.27353
508.4,-0.27194
508.5,-0.27034
508.6,-0.26875
508.7,-0.26716
508.8,-0.26557
508.9,-0.26399
509.0,-0.26241
509.1,-0.26084
509.2,-0.25926
509.3,-0.25769
509.4,-0.25613
509.5,-0.25457
509.6,-0.25301
509.7,-0.25145
509.8,-0.24990
509.9,-0.24835
510.0,-0.24681
510.1,-0.24527
510.2,-0.24373
510.3,-0.24220
510.4,-0.24067
510.5,-0.23914
510.6,-0.23762
510.7,-0.23610
510.8,-0.23459
510.9,-0.23308
511.0,-0.23157
511.1,-0.23007
511.2,-0.22857
511.3,-0.22708
511.4,-0.22558
511.5,-0.22410
511.6,-0.22261
511.7,-0.22113
511.8,-0.21966
511.9,-0.21819
512.0,-0.21672
512.1,-0.21526
512.2,-0.21380
512.3,-0.21234
512.4,-0.21089
512.5,-0.20945
512.6,-0.20800
512.7,-0.20656
512.8,-0.20513
512.9,-0.20370
513.0,-0.20227
513.1,-0.20085
513.2,-0.19943
513.3,-0.19802
513.4,-0.19661
513.5,-0.19520
513.6,-0.19380
513.7,-0.19240
513.8,-0.19101
513.9,-0.18962
514.0,-0.18824
514.1,-0.18686
514.2,-0.18548
514.3,-0.18411
514.4,-0.18274
514.5,-0.18138
514.6,-0.18002
514.7,-0.17867
514.8,-0.17732
514.9,-0.17597
515.0,-0.17463
515.1,-0.17330
515.2,-0.17197
515.3,-0.17064
515.4,-0.16932
515.5,-0.16800
515.6,-0.16669
515.7,-0.16538
515.8,-0.16408
515.9,-0.16278
516.0,-0.16149
516.1,-0.16020
516.2,-0.15892
516.3,-0.15765
516.4,-0.15638
516.5,-0.15512
516.6,-0.15386
516.7,-0.15261
516.8,-0.15136
516.9,-0.15013
517.0,-0.14889
517.1,-0.14767
517.2,-0.14645
517.3,-0.14524
517.4,-0.14403
517.5,-0.14284
517.6,-0.14165
517.7,-0.14046
517.8,-0.13929
517.9,-0.13812
518.0,-0.13696
518.1,-0.13580
518.2,-0.13466
518.3,-0.13352
518.4,-0.13239
518.5,-0.13127
518.6,-0.13016
518.7,-0.12905
518.8,-0.12795
518.9,-0.12686
519.0,-0.12578
519.1,-0.12471
519.2,-0.12365
519.3,-0.12260
519.4,-0.12155
519.5,-0.12052
519.6,-0.11949
519.7,-0.11847
519.8,-0.11747
519.9,-0.11647
520.0,-0.11548
520.1,-0.11450
520.2,-0.11353
520.3,-0.11257
520.4,-0.11162
520.5,-0.11068
520.6,-0.10975
520.7,-0.10883
520.8,-0.10791
520.9,-0.10701
521.0,-0.10611
521.1,-0.10522
521.2,-0.10434
521.3,-0.10347
521.4,-0.10261
521.5,-0.10175
521.6,-0.10090
521.7,-0.10006
521.8,-0.09923
521.9,-0.09840
522.0,-0.09758
522.1,-0.09677
522.2,-0.09596
522.3,-0.09516
522.4,-0.09437
522.5,-0.09359
522.6,-0.09281
522.7,-0.09203
522.8,-0.09127
522.9,-0.09051
523.0,-0.08975
523.1,-0.08900
523.2,-0.08826
523.3,-0.08752
523.4,-0.08678
523.5,-0.08605
523.6,-0.08533
523.7,-0.08461
523.8,-0.08390
523.9,-0.08319
524.0,-0.08248
524.1,-0.08178
524.2,-0.08109
524.3,-0.08039
524.4,-0.07970
524.5,-0.07902
524.6,-0.07834
524.7,-0.07766
524.8,-0.07698
524.9,-0.07631
525.0,-0.07564
525.1,-0.07498
525.2,-0.07431
525.3,-0.07365
525.4,-0.07300
525.5,-0.07234
525.6,-0.07169
525.7,-0.07104
525.8,-0.07040
525.9,-0.06976
526.0,-0.06912
526.1,-0.06848
526.2,-0.06785
526.3,-0.06722
526.4,-0.06660
526.5,-0.06598
526.6,-0.06536
526.7,-0.06474
526.8,-0.06413
526.9,-0.06353
527.0,-0.06292
527.1,-0.06232
527.2,-0.06172
527.3,-0.06113
527.4,-0.06054
527.5,-0.05996
527.6,-0.05937
527.7,-0.05880
527.8,-0.05822
527.9,-0.05765
528.0,-0.05709
528.1,-0.05652
528.2,-0.05597
528.3,-0.05541
528.4,-0.05486
528.5,-0.05432
528.6,-0.05378
528.7,-0.05324
528.8,-0.05271
528.9,-0.05218
529.0,-0.05165
529.1,-0.05113
529.2,-0.05062
529.3,-0.05011
529.4,-0.04960
529.5,-0.04910
529.6,-0.04860
529.7,-0.04811
529.8,-0.04762
529.9,-0.04714
530.0,-0.04666
530.1,-0.04618
530.2,-0.04571
530.3,-0.04525
530.4,-0.04479
530.5,-0.04433
530.6,-0.04388
530.7,-0.04343
530.8,-0.04299
530.9,-0.04255
531.0,-0.04211
531.1,-0.04168
531.2,-0.04125
531.3,-0.04082
531.4,-0.04040
531.5,-0.03998
531.6,-0.03956
531.7,-0.03915
531.8,-0.03874
531.9,-0.03833
532.0,-0.03792
532.1,-0.03752
532.2,-0.03712
532.3,-0.03672
532.4,-0.03632
532.5,-0.03592
532.6,-0.03553
532.7,-0.03514
532.8,-0.03475
532.9,-0.03436
533.0,-0.03397
533.1,-0.03359
533.2,-0.03320
533.3,-0.03282
533.4,-0.03244
533.5,-0.03206
533.6,-0.03167
533.7,-0.03129
533.8,-0.03091
533.9,-0.03053
534.0,-0.03015
534.1,-0.02977
534.2,-0.02939
534.3,-0.02901
534.4,-0.02863
534.5,-0.02825
534.6,-0.02787
534.7,-0.02749
534.8,-0.02711
534.9,-0.02672
535.0,-0.02634
535.1,-0.02595
535.2,-0.02557
535.3,-0.02518
535.4,-0.02479
535.5,-0.02440
535.6,-0.02401
535.7,-0.02362
535.8,-0.02323
535.9,-0.02284
536.0,-0.02245
536.1,-0.02206
536.2,-0.02167
536.3,-0.02129
536.4,-0.02090
536.5,-0.02051
536.6,-0.02012
536.7,-0.01974
536.8,-0.01935
536.9,-0.01897
537.0,-0.01858
537.1,-0.01820
537.2,-0.01782
537.3,-0.01744
537.4,-0.01707
537.5,-0.01669
537.6,-0.01632
537.7,-0.01595
537.8,-0.01558
537.9,-0.01521
538.0,-0.01485
538.1,-0.01449
538.2,-0.01413
538.3,-0.01378
538.4,-0.01342
538.5,-0.01307
538.6,-0.01273
538.7,-0.01238
538.8,-0.01204
538.9,-0.01171
539.0,-0.01138
539.1,-0.01105
539.2,-0.01072
539.3,-0.01040
539.4,-0.01009
539.5,-0.00978
539.6,-0.00947
539.7,-0.00917
539.8,-0.00887
539.9,-0.00858
540.0,-0.00829
540.1,-0.00801
540.2,-0.00773
540.3,-0.00745
540.4,-0.00719
540.5,-0.00692
540.6,-0.00667
540.7,-0.00641
540.8,-0.00617
540.9,-0.00592
541.0,-0.00569
541.1,-0.00545
541.2,-0.00522
541.3,-0.00500
541.4,-0.00478
541.5,-0.00457
541.6,-0.00436
541.7,-0.00416
541.8,-0.00396
541.9,-0.00377
542.0,-0.00358
542.1,-0.00340
542.2,-0.00322
542.3,-0.00305
542.4,-0.00288
542.5,-0.00272
542.6,-0.00256
542.7,-0.00240
542.8,-0.00226
542.9,-0.00211
543.0,-0.00197
543.1,-0.00184
543.2,-0.00171
543.3,-0.00158
543.4,-0.00147
543.5,-0.00135
543.6,-0.00124
543.7,-0.00114
543.8,-0.00103
543.9,-0.00094
544.0,-0.00085
544.1,-0.00076
544.2,-0.00068
544.3,-0.00060
544.4,-0.00053
544.5,-0.00047
544.6,-0.00040
544.7,-0.00035
544.8,-0.00029
544.9,-0.00024
545.0,-0.00020
545.1,-0.00016
545.2,-0.00013
545.3,-0.00010
545.4,-0.00007
545.5,-0.00005
545.6,-0.00003
545.7,-0.00002
545.8,-0.00001
545.9,0.00000
546.0,0.00000
546.1,0.00000
546.2,0.00000
546.3,-0.00001
546.4,-0.00002
546.5,-0.00003
546.6,-0.00004
546.7,-0.00006
546.8,-0.00007
546.9,-0.00009
547.0,-0.00011
547.1,-0.00014
547.2,-0.00016
547.3,-0.00019
547.4,-0.00021
547.5,-0.00024
547.6,-0.00027
547.7,-0.00030
547.8,-0.00033
547.9,-0.00036
548.0,-0.00039
548.1,-0.00042
548.2,-0.00045
548.3,-0.00048
548.4,-0.00051
548.5,-0.00054
548.6,-0.00057
548.7,-0.00060
548.8,-0.00063
548.9,-0.00065
549.0,-0.00068
549.1,-0.00070
549.2,-0.00072
549.3,-0.00074
549.4,-0.00076
549.5,-0.00077
549.6,-0.00078
549.7,-0.00080
549.8,-0.00080
549.9,-0.00081
550.0,-0.00081
550.1,-0.00081
550.2,-0.00081
550.3,-0.00080
550.4,-0.00079
550.5,-0.00078
550.6,-0.00077
550.7,-0.00076
550.8,-0.00074
550.9,-0.00072
551.0,-0.00070
551.1,-0.00068
551.2,-0.00065
551.3,-0.00063
551.4,-0.00060
551.5,-0.00057
551.6,-0.00055
551.7,-0.00052
551.8,-0.00049
551.9,-0.00046
552.0,-0.00043
552.1,-0.00040
552.2,-0.00037
552.3,-0.00034
552.4,-0.00031
552.5,-0.00029
552.6,-0.00026
552.7,-0.00023
552.8,-0.00021
552.9,-0.00018
553.0,-0.00016
553.1,-0.00014
553.2,-0.00012
553.3,-0.00010
553.4,-0.00008
553.5,-0.00006
553.6,-0.00005
553.7,-0.00004
553.8,-0.00003
553.9,-0.00003
554.0,-0.00003
554.1,-0.00003
554.2,-0.00003
554.3,-0.00004
554.4,-0.00005
554.5,-0.00006
554.6,-0.00008
554.7,-0.00010
554.8,-0.00012
554.9,-0.00015
555.0,-0.00018
555.1,-0.00022
555.2,-0.00026
555.3,-0.00031
555.4,-0.00036
555.5,-0.00041
555.6,-0.00047
555.7,-0.00053
555.8,-0.00059
555.9,-0.00066
556.0,-0.00073
556.1,-0.00081
556.2,-0.00089
556.3,-0.00097
556.4,-0.00105
556.5,-0.00114
556.6,-0.00123
556.7,-0.00132
556.8,-0.00142
556.9,-0.00152
557.0,-0.00162
557.1,-0.00172
557.2,-0.00182
557.3,-0.00193
557.4,-0.00204
557.5,-0.00215
557.6,-0.00226
557.7,-0.00238
557.8,-0.00249
557.9,-0.00261
558.0,-0.00273
558.1,-0.00285
558.2,-0.00297
558.3,-0.00310
558.4,-0.00322
558.5,-0.00334
558.6,-0.00347
558.7,-0.00359
558.8,-0.00372
558.9,-0.00385
559.0,-0.00398
559.1,-0.00410
559.2,-0.00423
559.3,-0.00436
559.4,-0.00449
559.5,-0.00461
559.6,-0.00474
559.7,-0.00487
559.8,-0.00500
559.9,-0.00512
560.0,-0.00525
560.1,-0.00537
560.2,-0.00550
560.3,-0.00562
560.4,-0.00574
560.5,-0.00587
560.6,-0.00599
560.7,-0.00611
560.8,-0.00623
560.9,-0.00635
561.0,-0.00647
561.1,-0.00660
561.2,-0.00672
561.3,-0.00684
561.4,-0.00696
561.5,-0.00708
561.6,-0.00720
561.7,-0.00733
561.8,-0.00745
561.9,-0.00757
562.0,-0.00769
562.1,-0.00782
562.2,-0.00794
562.3,-0.00807
562.4,-0.00820
562.5,-0.00832
562.6,-0.00845
562.7,-0.00858
562.8,-0.00871
562.9,-0.00884
563.0,-0.00897
563.1,-0.00911
563.2,-0.00924
563.3,-0.00938
563.4,-0.00951
563.5,-0.00965
563.6,-0.00979
563.7,-0.00994
563.8,-0.01008
563.9,-0.01023
564.0,-0.01037
564.1,-0.01052
564.2,-0.01067
564.3,-0.01083
564.4,-0.01098
564.5,-0.01114
564.6,-0.01130
564.7,-0.01146
564.8,-0.01162
564.9,-0.01179
565.0,-0.01196
565.1,-0.01213
565.2,-0.01230
565.3,-0.01248
565.4,-0.01266
565.5,-0.01284
565.6,-0.01302
565.7,-0.01321
565.8,-0.01339
565.9,-0.01358
566.0,-0.01378
566.1,-0.01397
566.2,-0.01417
566.3,-0.01437
566.4,-0.01457
566.5,-0.01478
566.6,-0.01498
566.7,-0.01519
566.8,-0.01540
566.9,-0.01562
567.0,-0.01583
567.1,-0.01605
567.2,-0.01627
567.3,-0.01649
567.4,-0.01672
567.5,-0.01694
567.6,-0.01717
567.7,-0.01741
567.8,-0.01764
567.9,-0.01787
568.0,-0.01811
568.1,-0.01835
568.2,-0.01859
568.3,-0.01884
568.4,-0.01908
568.5,-0.01933
568.6,-0.01958
568.7,-0.01984
568.8,-0.02009
568.9,-0.02035
569.0,-0.02061
569.1,-0.02087
569.2,-0.02113
569.3,-0.02139
569.4,-0.02166
569.5,-0.02193
569.6,-0.02220
569.7,-0.02247
569.8,-0.02275
569.9,-0.02302
570.0,-0.02330
570.1,-0.02358
570.2,-0.02386
570.3,-0.02415
570.4,-0.02443
570.5,-0.02472
570.6,-0.02501
570.7,-0.02531
570.8,-0.02560
570.9,-0.02590
571.0,-0.02620
571.1,-0.02651
571.2,-0.02681
571.3,-0.02712
571.4,-0.02743
571.5,-0.02775
571.6,-0.02806
571.7,-0.02838
571.8,-0.02871
571.9,-0.02903
572.0,-0.02936
572.1,-0.02970
572.2,-0.03003
572.3,-0.03037
572.4,-0.03072
572.5,-0.03106
572.6,-0.03141
572.7,-0.03177
572.8,-0.03212
572.9,-0.03248
573.0,-0.03285
573.1,-0.03322
573.2,-0.03359
573.3,-0.03397
573.4,-0.03435
573.5,-0.03474
573.6,-0.03513
573.7,-0.03552
573.8,-0.03592
573.9,-0.03632
574.0,-0.03673
574.1,-0.03714
574.2,-0.03756
574.3,-0.03798
574.4,-0.03840
574.5,-0.03883
574.6,-0.03927
574.7,-0.03971
574.8,-0.04016
574.9,-0.04061
575.0,-0.04106
575.1,-0.04152
575.2,-0.04199
575.3,-0.04246
575.4,-0.04294
575.5,-0.04342
575.6,-0.04390
575.7,-0.04439
575.8,-0.04488
575.9,-0.04538
576.0,-0.04588
576.1,-0.04638
576.2,-0.04688
576.3,-0.04739
576.4,-0.04791
576.5,-0.04842
576.6,-0.04894
576.7,-0.04946
576.8,-0.04998
576.9,-0.05050
577.0,-0.05102
577.1,-0.05155
577.2,-0.05208
577.3,-0.05261
577.4,-0.05313
577.5,-0.05366
577.6,-0.05419
577.7,-0.05473
577.8,-0.05526
577.9,-0.05579
578.0,-0.05632
578.1,-0.05685
578.2,-0.05738
578.3,-0.05791
578.4,-0.05844
578.5,-0.05896
578.6,-0.05949
578.7,-0.06001
578.8,-0.06053
578.9,-0.06106
579.0,-0.06157
579.1,-0.06209
579.2,-0.06260
579.3,-0.06311
579.4,-0.06362
579.5,-0.06413
579.6,-0.06463
579.7,-0.06513
579.8,-0.06562
579.9,-0.06611
580.0,-0.06660
580.1,-0.06708
580.2,-0.06756
580.3,-0.06804
580.4,-0.06851
580.5,-0.06898
580.6,-0.06944
580.7,-0.06990
580.8,-0.07036
580.9,-0.07082
581.0,-0.07127
581.1,-0.07172
581.2,-0.07217
581.3,-0.07261
581.4,-0.07305
581.5,-0.07350
581.6,-0.07394
581.7,-0.07437
581.8,-0.07481
581.9,-0.07524
582.0,-0.07568
582.1,-0.07611
582.2,-0.07654
582.3,-0.07697
582.4,-0.07741
582.5,-0.07784
582.6,-0.07827
582.7,-0.07870
582.8,-0.07913
582.9,-0.07956
583.0,-0.07999
583.1,-0.08042
583.2,-0.08085
583.3,-0.08129
583.4,-0.08172
583.5,-0.08216
583.6,-0.08260
583.7,-0.08303
583.8,-0.08347
583.9,-0.08392
584.0,-0.08436
584.1,-0.08481
584.2,-0.08526
584.3,-0.08571
584.4,-0.08617
584.5,-0.08662
584.6,-0.08708
584.7,-0.08755
584.8,-0.08801
584.9,-0.08849
585.0,-0.08896
585.1,-0.08944
585.2,-0.08992
585.3,-0.09041
585.4,-0.09090
585.5,-0.09139
585.6,-0.09189
585.7,-0.09239
585.8,-0.09289
585.9,-0.09340
586.0,-0.09391
586.1,-0.09443
586.2,-0.09495
586.3,-0.09547
586.4,-0.09600
586.5,-0.09653
586.6,-0.09707
586.7,-0.09760
586.8,-0.09814
586.9,-0.09869
587.0,-0.09924
587.1,-0.09979
587.2,-0.10034
587.3,-0.10090
587.4,-0.10146
587.5,-0.10203
587.6,-0.10260
587.7,-0.10317
587.8,-0.10374
587.9,-0.10432
588.0,-0.10490
588.1,-0.10549
588.2,-0.10608
588.3,-0.10667
588.4,-0.10726
588.5,-0.10786
588.6,-0.10846
588.7,-0.10906
588.8,-0.10967
588.9,-0.11028
589.0,-0.11089
589.1,-0.11151
589.2,-0.11212
589.3,-0.11275
589.4,-0.11337
589.5,-0.11400
589.6,-0.11463
589.7,-0.11526
589.8,-0.11589
589.9,-0.11653
590.0,-0.11717
590.1,-0.11782
590.2,-0.11846
590.3,-0.11911
590.4,-0.11976
590.5,-0.12042
590.6,-0.12107
590.7,-0.12173
590.8,-0.12239
590.9,-0.12306
591.0,-0.12373
591.1,-0.12440
591.2,-0.12507
591.3,-0.12574
591.4,-0.12642
591.5,-0.12710
591.6,-0.12778
591.7,-0.12847
591.8,-0.12916
591.9,-0.12985
592.0,-0.13054
592.1,-0.13124
592.2,-0.13194
592.3,-0.13264
592.4,-0.13334
592.5,-0.13405
592.6,-0.13476
592.7,-0.13547
592.8,-0.13618
592.9,-0.13690
593.0,-0.13762
593.1,-0.13834
593.2,-0.13906
593.3,-0.13979
593.4,-0.14052
593.5,-0.14125
593.6,-0.14198
593.7,-0.14272
593.8,-0.14346
593.9,-0.14420
594.0,-0.14495
594.1,-0.14569
594.2,-0.14644
594.3,-0.14719
594.4,-0.14795
594.5,-0.14870
594.6,-0.14946
594.7,-0.15023
594.8,-0.15099
594.9,-0.15176
595.0,-0.15253
595.1,-0.15330
595.2,-0.15407
595.3,-0.15485
595.4,-0.15563
595.5,-0.15641
595.6,-0.15719
595.7,-0.15798
595.8,-0.15877
595.9,-0.15956
596.0,-0.16035
596.1,-0.16115
596.2,-0.16195
596.3,-0.16275
596.4,-0.16355
596.5,-0.16436
596.6,-0.16516
596.7,-0.16597
596.8,-0.16678
596.9,-0.16760
597.0,-0.16841
597.1,-0.16923
597.2,-0.17005
597.3,-0.17087
597.4,-0.17170
597.5,-0.17252
597.6,-0.17335
597.7,-0.17418
597.8,-0.17501
597.9,-0.17585
598.0,-0.17668
598.1,-0.17752
598.2,-0.17836
598.3,-0.17921
598.4,-0.18005
598.5,-0.18089
598.6,-0.18174
598.7,-0.18259
598.8,-0.18344
598.9,-0.18430
599.0,-0.18515
599.1,-0.18601
599.2,-0.18687
599.3,-0.18773
599.4,-0.18859
599.5,-0.18945
599.6,-0.19032
599.7,-0.19118
599.8,-0.19205
599.9,-0.19292
600.0,-0.19379
600.1,-0.19466
600.2,-0.19554
600.3,-0.19641
600.4,-0.19729
600.5,-0.19817
600.6,-0.19905
600.7,-0.19994
600.8,-0.20082
600.9,-0.20171
601.0,-0.20260
601.1,-0.20349
601.2,-0.20438
601.3,-0.20527
601.4,-0.20617
601.5,-0.20707
601.6,-0.20797
601.7,-0.20887
601.8,-0.20978
601.9,-0.21068
602.0,-0.21159
602.1,-0.21250
602.2,-0.21342
602.3,-0.21433
602.4,-0.21525
602.5,-0.21617
602.6,-0.21710
602.7,-0.21803
602.8,-0.21895
602.9,-0.21989
603.0,-0.22082
603.1,-0.22176
603.2,-0.22270
603.3,-0.22364
603.4,-0.22459
603.5,-0.22553
603.6,-0.22649
603.7,-0.22744
603.8,-0.22840
603.9,-0.22936
604.0,-0.23032
604.1,-0.23129
604.2,-0.23226
604.3,-0.23323
604.4,-0.23421
604.5,-0.23519
604.6,-0.23617
604.7,-0.23716
604.8,-0.23815
604.9,-0.23914
605.0,-0.24014
605.1,-0.24114
605.2,-0.24214
605.3,-0.24315
605.4,-0.24416
605.5,-0.24518
605.6,-0.24620
605.7,-0.24722
605.8,-0.24824
605.9,-0.24927
606.0,-0.25030
606.1,-0.25134
606.2,-0.25238
606.3,-0.25342
606.4,-0.25446
606.5,-0.25551
606.6,-0.25656
606.7,-0.25762
606.8,-0.25868
606.9,-0.25974
607.0,-0.26080
607.1,-0.26187
607.2,-0.26294
607.3,-0.26401
607.4,-0.26509
607.5,-0.26617
607.6,-0.26725
607.7,-0.26834
607.8,-0.26943
607.9,-0.27052
608.0,-0.27161
608.1,-0.27271
608.2,-0.27381
608.3,-0.27491
608.4,-0.27602
608.5,-0.27712
608.6,-0.27823
608.7,-0.27935
608.8,-0.28046
608.9,-0.28158
609.0,-0.28271
609.1,-0.28383
609.2,-0.28496
609.3,-0.28609
609.4,-0.28722
609.5,-0.28835
609.6,-0.28949
609.7,-0.29063
609.8,-0.29177
609.9,-0.29291
610.0,-0.29406
610.1,-0.29521
610.2,-0.29636
610.3,-0.29751
610.4,-0.29867
610.5,-0.29983
610.6,-0.30099
610.7,-0.30215
610.8,-0.30332
610.9,-0.30449
611.0,-0.30566
611.1,-0.30683
611.2,-0.30801
611.3,-0.30918
611.4,-0.31036
611.5,-0.31155
611.6,-0.31273
611.7,-0.31392
611.8,-0.31511
611.9,-0.31631
612.0,-0.31750
612.1,-0.31870
612.2,-0.31990
612.3,-0.32111
612.4,-0.32231
612.5,-0.32352
612.6,-0.32474
612.7,-0.32595
612.8,-0.32717
612.9,-0.32839
613.0,-0.32961
613.1,-0.33084
613.2,-0.33207
613.3,-0.33330
613.4,-0.33454
613.5,-0.33577
613.6,-0.33702
613.7,-0.33826
613.8,-0.33951
613.9,-0.34075
614.0,-0.34201
614.1,-0.34326
614.2,-0.34452
614.3,-0.34578
614.4,-0.34705
614.5,-0.34831
614.6,-0.34958
614.7,-0.35086
614.8,-0.35213
614.9,-0.35341
615.0,-0.35469
615.1,-0.35598
615.2,-0.35727
615.3,-0.35856
615.4,-0.35985
615.5,-0.36115
615.6,-0.36245
615.7,-0.36375
615.8,-0.36506
615.9,-0.36637
616.0,-0.36768
616.1,-0.36899
616.2,-0.37031
616.3,-0.37163
616.4,-0.37295
616.5,-0.37427
616.6,-0.37560
616.7,-0.37693
616.8,-0.37826
616.9,-0.37959
617.0,-0.38093
617.1,-0.38226
617.2,-0.38360
617.3,-0.38494
617.4,-0.38629
617.5,-0.38763
617.6,-0.38898
617.7,-0.39033
617.8,-0.39168
617.9,-0.39303
618.0,-0.39438
618.1,-0.39574
618.2,-0.39709
618.3,-0.39845
618.4,-0.39981
618.5,-0.40117
618.6,-0.40254
618.7,-0.40390
618.8,-0.40526
618.9,-0.40663
619.0,-0.40800
619.1,-0.40937
619.2,-0.41073
619.3,-0.41210
619.4,-0.41348
619.5,-0.41485
619.6,-0.41622
619.7,-0.41759
619.8,-0.41897
619.9,-0.42034
620.0,-0.42172
620.1,-0.42309
620.2,-0.42447
620.3,-0.42585
620.4,-0.42723
620.5,-0.42861
620.6,-0.42999
620.7,-0.43137
620.8,-0.43275
620.9,-0.43414
621.0,-0.43552
621.1,-0.43691
621.2,-0.43830
621.3,-0.43970
621.4,-0.44109
621.5,-0.44249
621.6,-0.44389
621.7,-0.44530
621.8,-0.44670
621.9,-0.44811
622.0,-0.44952
622.1,-0.45094
622.2,-0.45236
622.3,-0.45378
622.4,-0.45521
622.5,-0.45664
622.6,-0.45808
622.7,-0.45952
622.8,-0.46096
622.9,-0.46241
623.0,-0.46386
623.1,-0.46532
623.2,-0.46678
623.3,-0.46825
623.4,-0.46972
623.5,-0.47120
623.6,-0.47268
623.7,-0.47417
623.8,-0.47567
623.9,-0.47717
624.0,-0.47868
624.1,-0.48019
624.2,-0.48171
624.3,-0.48324
624.4,-0.48477
624.5,-0.48631
624.6,-0.48786
624.7,-0.48941
624.8,-0.49097
624.9,-0.49254
625.0,-0.49412
625.1,-0.49570
625.2,-0.49730
625.3,-0.49890
625.4,-0.50050
625.5,-0.50212
625.6,-0.50374
625.7,-0.50537
625.8,-0.50700
625.9,-0.50864
626.0,-0.51029
626.1,-0.51195
626.2,-0.51361
626.3,-0.51528
626.4,-0.51696
626.5,-0.51864
626.6,-0.52033
626.7,-0.52202
626.8,-0.52372
626.9,-0.52543
627.0,-0.52714
627.1,-0.52886
627.2,-0.53058
627.3,-0.53231
627.4,-0.53404
627.5,-0.53578
627.6,-0.53753
627.7,-0.53928
627.8,-0.54103
627.9,-0.54279
628.0,-0.54455
628.1,-0.54632
628.2,-0.54809
628.3,-0.54987
628.4,-0.55165
628.5,-0.55344
628.6,-0.55523
628.7,-0.55702
628.8,-0.55882
628.9,-0.56062
629.0,-0.56243
629.1,-0.56423
629.2,-0.56605
629.3,-0.56786
629.4,-0.56968
629.5,-0.57150
629.6,-0.57333
629.7,-0.57515
629.8,-0.57699
629.9,-0.57882
630.0,-0.58065
630.1,-0.58249
630.2,-0.58433
630.3,-0.58618
630.4,-0.58802
630.5,-0.58987
630.6,-0.59172
630.7,-0.59357
630.8,-0.59543
630.9,-0.59728
631.0,-0.59914
631.1,-0.60100
631.2,-0.60287
631.3,-0.60473
631.4,-0.60660
631.5,-0.60847
631.6,-0.61035
631.7,-0.61222
631.8,-0.61410
631.9,-0.61598
632.0,-0.61786
632.1,-0.61974
632.2,-0.62163
632.3,-0.62351
632.4,-0.62540
632.5,-0.62730
632.6,-0.62919
632.7,-0.63108
632.8,-0.63298
632.9,-0.63488
633.0,-0.63678
633.1,-0.63868
633.2,-0.64059
633.3,-0.64250
633.4,-0.64440
633.5,-0.64631
633.6,-0.64823
633.7,-0.65014
633.8,-0.65206
633.9,-0.65397
634.0,-0.65589
634.1,-0.65781
634.2,-0.65973
634.3,-0.66166
634.4,-0.66358
634.5,-0.66551
634.6,-0.66744
634.7,-0.66937
634.8,-0.67130
634.9,-0.67324
635.0,-0.67517
635.1,-0.67711
635.2,-0.67904
635.3,-0.68098
635.4,-0.68292
635.5,-0.68487
635.6,-0.68681
635.7,-0.68876
635.8,-0.69070
635.9,-0.69265
636.0,-0.69460
636.1,-0.69655
636.2,-0.69850
636.3,-0.70045
636.4,-0.70241
636.5,-0.70436
636.6,-0.70632
636.7,-0.70827
636.8,-0.71023
636.9,-0.71219
637.0,-0.71415
637.1,-0.71611
637.2,-0.71808
637.3,-0.72004
637.4,-0.72200
637.5,-0.72397
637.6,-0.72593
637.7,-0.72790
637.8,-0.72987
637.9,-0.73184
638.0,-0.73381
638.1,-0.73578
638.2,-0.73775
638.3,-0.73972
638.4,-0.74169
638.5,-0.74367
638.6,-0.74564
638.7,-0.74762
638.8,-0.74959
638.9,-0.75157
639.0,-0.75354
639.1,-0.75552
639.2,-0.75750
639.3,-0.75948
639.4,-0.76146
639.5,-0.76343
639.6,-0.76541
639.7,-0.76739
639.8,-0.76937
639.9,-0.77135
640.0,-0.77334
640.1,-0.77532
640.2,-0.77730
640.3,-0.77928
640.4,-0.78126
640.5,-0.78325
640.6,-0.78523
640.7,-0.78722
640.8,-0.78920
640.9,-0.79119
641.0,-0.79318
641.1,-0.79517
641.2,-0.79717
641.3,-0.79916
641.4,-0.80116
641.5,-0.80316
641.6,-0.80516
641.7,-0.80716
641.8,-0.80917
641.9,-0.81118
642.0,-0.81319
642.1,-0.81521
642.2,-0.81723
642.3,-0.81925
642.4,-0.82127
642.5,-0.82330
642.6,-0.82534
642.7,-0.82737
642.8,-0.82941
642.9,-0.83146
643.0,-0.83351
643.1,-0.83556
643.2,-0.83762
643.3,-0.83968
643.4,-0.84175
643.5,-0.84382
643.6,-0.84590
643.7,-0.84798
643.8,-0.85007
643.9,-0.85217
644.0,-0.85427
644.1,-0.85637
644.2,-0.85848
644.3,-0.86060
644.4,-0.86273
644.5,-0.86486
644.6,-0.86699
644.7,-0.86914
644.8,-0.87129
644.9,-0.87345
645.0,-0.87561
645.1,-0.87779
645.2,-0.87997
645.3,-0.88215
645.4,-0.88435
645.5,-0.88655
645.6,-0.88876
645.7,-0.89097
645.8,-0.89320
645.9,-0.89543
646.0,-0.89766
646.1,-0.89990
646.2,-0.90215
646.3,-0.90441
646.4,-0.90667
646.5,-0.90894
646.6,-0.91122
646.7,-0.91350
646.8,-0.91579
646.9,-0.91808
647.0,-0.92038
647.1,-0.92269
647.2,-0.92500
647.3,-0.92732
647.4,-0.92964
647.5,-0.93197
647.6,-0.93430
647.7,-0.93665
647.8,-0.93899
647.9,-0.94134
648.0,-0.94370
648.1,-0.94606
648.2,-0.94843
648.3,-0.95081
648.4,-0.95318
648.5,-0.95557
648.6,-0.95796
648.7,-0.96035
648.8,-0.96275
648.9,-0.96515
649.0,-0.96756
649.1,-0.96997
649.2,-0.97239
649.3,-0.97481
649.4,-0.97724
649.5,-0.97967
649.6,-0.98210
649.7,-0.98454
649.8,-0.98699
649.9,-0.98943
650.0,-0.99188
650.1,-0.99434
650.2,-0.99680
650.3,-0.99926
650.4,-1.00173
650.5,-1.00420
650.6,-1.00668
650.7,-1.00915
650.8,-1.01164
650.9,-1.01412
651.0,-1.01661
651.1,-1.01910
651.2,-1.02160
651.3,-1.02410
651.4,-1.02660
651.5,-1.02911
651.6,-1.03162
651.7,-1.03413
651.8,-1.03665
651.9,-1.03917
652.0,-1.04169
652.1,-1.04422
652.2,-1.04675
652.3,-1.04928
652.4,-1.05182
652.5,-1.05435
652.6,-1.05689
652.7,-1.05944
652.8,-1.06198
652.9,-1.06453
653.0,-1.06709
653.1,-1.06964
653.2,-1.07220
653.3,-1.07476
653.4,-1.07732
653.5,-1.07989
653.6,-1.08245
653.7,-1.08502
653.8,-1.08760
653.9,-1.09017
654.0,-1.09275
654.1,-1.09533
654.2,-1.09791
654.3,-1.10049
654.4,-1.10308
654.5,-1.10567
654.6,-1.10826
654.7,-1.11085
654.8,-1.11345
654.9,-1.11604
655.0,-1.11864
655.1,-1.12124
655.2,-1.12384
655.3,-1.12645
655.4,-1.12905
655.5,-1.13166
655.6,-1.13427
655.7,-1.13688
655.8,-1.13949
655.9,-1.14211
656.0,-1.14473
656.1,-1.14734
656.2,-1.14996
656.3,-1.15259
656.4,-1.15521
656.5,-1.15784
656.6,-1.16047
656.7,-1.16310
656.8,-1.16573
656.9,-1.16836
657.0,-1.17100
657.1,-1.17364
657.2,-1.17628
657.3,-1.17892
657.4,-1.18156
657.5,-1.18421
657.6,-1.18686
657.7,-1.18951
657.8,-1.19216
657.9,-1.19481
658.0,-1.19747
658.1,-1.20013
658.2,-1.20279
658.3,-1.20545
658.4,-1.20811
658.5,-1.21078
658.6,-1.21345
658.7,-1.21611
658.8,-1.21879
658.9,-1.22146
659.0,-1.22414
659.1,-1.22681
659.2,-1.22949
659.3,-1.23218
659.4,-1.23486
659.5,-1.23755
659.6,-1.24023
659.7,-1.24292
659.8,-1.24562
659.9,-1.24831
660.0,-1.25101
660.1,-1.25370
660.2,-1.25640
660.3,-1.25911
660.4,-1.26181
660.5,-1.26452
660.6,-1.26723
660.7,-1.26994
660.8,-1.27265
660.9,-1.27536
661.0,-1.27808
661.1,-1.28080
661.2,-1.28352
661.3,-1.28624
661.4,-1.28897
661.5,-1.29169
661.6,-1.29442
661.7,-1.29715
661.8,-1.29988
661.9,-1.30262
662.0,-1.30535
662.1,-1.30809
662.2,-1.31083
662.3,-1.31357
662.4,-1.31632
662.5,-1.31906
662.6,-1.32181
662.7,-1.32456
662.8,-1.32731
662.9,-1.33007
663.0,-1.33282
663.1,-1.33558
663.2,-1.33834
663.3,-1.34110
663.4,-1.34386
663.5,-1.34662
663.6,-1.34939
663.7,-1.35216
663.8,-1.35493
663.9,-1.35770
664.0,-1.36047
664.1,-1.36325
664.2,-1.36603
664.3,-1.36881
664.4,-1.37159
664.5,-1.37437
664.6,-1.37715
664.7,-1.37994
664.8,-1.38273
664.9,-1.38552
665.0,-1.38831
665.1,-1.39110
665.2,-1.39390
665.3,-1.39669
665.4,-1.39949
665.5,-1.40229
665.6,-1.40509
665.7,-1.40790
665.8,-1.41070
665.9,-1.41351
666.0,-1.41632
666.1,-1.41913
666.2,-1.42194
666.3,-1.42476
666.4,-1.42757
666.5,-1.43039
666.6,-1.43321
666.7,-1.43603
666.8,-1.43886
666.9,-1.44168
667.0,-1.44451
667.1,-1.44734
667.2,-1.45017
667.3,-1.45301
667.4,-1.45584
667.5,-1.45868
667.6,-1.46152
667.7,-1.46436
667.8,-1.46720
667.9,-1.47005
668.0,-1.47290
668.1,-1.47575
668.2,-1.47860
668.3,-1.48145
668.4,-1.48431
668.5,-1.48716
668.6,-1.49002
668.7,-1.49289
668.8,-1.49575
668.9,-1.49862
669.0,-1.50148
669.1,-1.50435
669.2,-1.50723
669.3,-1.51010
669.4,-1.51298
669.5,-1.51586
669.6,-1.51874
669.7,-1.52162
669.8,-1.52451
669.9,-1.52739
670.0,-1.53028
670.1,-1.53317
670.2,-1.53607
670.3,-1.53896
670.4,-1.54186
670.5,-1.54476
670.6,-1.54767
670.7,-1.55057
670.8,-1.55348
670.9,-1.55639
671.0,-1.55930
671.1,-1.56222
671.2,-1.56513
671.3,-1.56805
671.4,-1.57097
671.5,-1.57389
671.6,-1.57682
671.7,-1.57975
671.8,-1.58268
671.9,-1.58561
672.0,-1.58855
672.1,-1.59148
672.2,-1.59442
672.3,-1.59736
672.4,-1.60031
672.5,-1.60325
672.6,-1.60620
672.7,-1.60916
672.8,-1.61211
672.9,-1.61506
673.0,-1.61802
673.1,-1.62098
673.2,-1.62395
673.3,-1.62691
673.4,-1.62988
673.5,-1.63285
673.6,-1.63582
673.7,-1.63880
673.8,-1.64178
673.9,-1.64476
674.0,-1.64774
674.1,-1.65072
674.2,-1.65371
674.3,-1.65670
674.4,-1.65969
674.5,-1.66269
674.6,-1.66569
674.7,-1.66869
674.8,-1.67169
674.9,-1.67469
675.0,-1.67770
675.1,-1.68071
675.2,-1.68372
675.3,-1.68674
675.4,-1.68975
675.5,-1.69277
675.6,-1.69580
675.7,-1.69882
675.8,-1.70185
675.9,-1.70488
676.0,-1.70791
676.1,-1.71094
676.2,-1.71398
676.3,-1.71702
676.4,-1.72006
676.5,-1.72310
676.6,-1.72615
676.7,-1.72920
676.8,-1.73225
676.9,-1.73530
677.0,-1.73836
677.1,-1.74141
677.2,-1.74447
677.3,-1.74753
677.4,-1.75060
677.5,-1.75366
677.6,-1.75673
677.7,-1.75980
677.8,-1.76288
677.9,-1.76595
678.0,-1.76903
678.1,-1.77211
678.2,-1.77519
678.3,-1.77827
678.4,-1.78135
678.5,-1.78444
678.6,-1.78753
678.7,-1.79062
678.8,-1.79371
678.9,-1.79681
679.0,-1.79991
679.1,-1.80300
679.2,-1.80611
679.3,-1.80921
679.4,-1.81231
679.5,-1.81542
679.6,-1.81853
679.7,-1.82164
679.8,-1.82475
679.9,-1.82786
680.0,-1.83098
680.1,-1.83410
680.2,-1.83722
680.3,-1.84034
680.4,-1.84346
680.5,-1.84659
680.6,-1.84972
680.7,-1.85285
680.8,-1.85598
680.9,-1.85911
681.0,-1.86225
681.1,-1.86539
681.2,-1.86853
681.3,-1.87168
681.4,-1.87482
681.5,-1.87797
681.6,-1.88113
681.7,-1.88428
681.8,-1.88744
681.9,-1.89060
682.0,-1.89376
682.1,-1.89693
682.2,-1.90010
682.3,-1.90328
682.4,-1.90645
682.5,-1.90964
682.6,-1.91282
682.7,-1.91601
682.8,-1.91920
682.9,-1.92239
683.0,-1.92559
683.1,-1.92879
683.2,-1.93200
683.3,-1.93521
683.4,-1.93842
683.5,-1.94164
683.6,-1.94486
683.7,-1.94809
683.8,-1.95132
683.9,-1.95455
684.0,-1.95779
684.1,-1.96104
684.2,-1.96428
684.3,-1.96754
684.4,-1.97079
684.5,-1.97405
684.6,-1.97732
684.7,-1.98059
684.8,-1.98387
684.9,-1.98715
685.0,-1.99043
685.1,-1.99372
685.2,-1.99702
685.3,-2.00032
685.4,-2.00363
685.5,-2.00693
685.6,-2.01025
685.7,-2.01356
685.8,-2.01688
685.9,-2.02021
686.0,-2.02354
686.1,-2.02687
686.2,-2.03020
686.3,-2.03353
686.4,-2.03687
686.5,-2.04021
686.6,-2.04355
686.7,-2.04690
686.8,-2.05024
686.9,-2.05359
687.0,-2.05694
687.1,-2.06029
687.2,-2.06364
687.3,-2.06699
687.4,-2.07034
687.5,-2.07369
687.6,-2.07704
687.7,-2.08039
687.8,-2.08374
687.9,-2.08709
688.0,-2.09044
688.1,-2.09379
688.2,-2.09713
688.3,-2.10048
688.4,-2.10382
688.5,-2.10716
688.6,-2.11050
688.7,-2.11384
688.8,-2.11718
688.9,-2.12051
689.0,-2.12384
689.1,-2.12716
689.2,-2.13048
689.3,-2.13380
689.4,-2.13712
689.5,-2.14043
689.6,-2.14374
689.7,-2.14704
689.8,-2.15034
689.9,-2.15363
690.0,-2.15692
690.1,-2.16021
690.2,-2.16349
690.3,-2.16676
690.4,-2.17003
690.5,-2.17329
690.6,-2.17655
690.7,-2.17981
690.8,-2.18306
690.9,-2.18631
691.0,-2.18955
691.1,-2.19279
691.2,-2.19603
691.3,-2.19926
691.4,-2.20249
691.5,-2.20571
691.6,-2.20894
691.7,-2.21215
691.8,-2.21537
691.9,-2.21858
692.0,-2.22179
692.1,-2.22500
692.2,-2.22821
692.3,-2.23141
692.4,-2.23461
692.5,-2.23781
692.6,-2.24101
692.7,-2.24420
692.8,-2.24740
692.9,-2.25059
693.0,-2.25378
693.1,-2.25697
693.2,-2.26016
693.3,-2.26335
693.4,-2.26653
693.5,-2.26972
693.6,-2.27290
693.7,-2.27609
693.8,-2.27927
693.9,-2.28245
694.0,-2.28564
694.1,-2.28882
694.2,-2.29200
694.3,-2.29519
694.4,-2.29837
694.5,-2.30156
694.6,-2.30474
694.7,-2.30793
694.8,-2.31111
694.9,-2.31430
695.0,-2.31749
695.1,-2.32068
695.2,-2.32387
695.3,-2.32706
695.4,-2.33026
695.5,-2.33345
695.6,-2.33665
695.7,-2.33985
695.8,-2.34304
695.9,-2.34624
696.0,-2.34944
696.1,-2.35264
696.2,-2.35585
696.3,-2.35905
696.4,-2.36225
696.5,-2.36546
696.6,-2.36866
696.7,-2.37187
696.8,-2.37508
696.9,-2.37828
697.0,-2.38149
697.1,-2.38470
697.2,-2.38791
697.3,-2.39112
697.4,-2.39433
697.5,-2.39754
697.6,-2.40076
697.7,-2.40397
697.8,-2.40718
697.9,-2.41040
698.0,-2.41361
698.1,-2.41682
698.2,-2.42004
698.3,-2.42325
698.4,-2.42647
698.5,-2.42968
698.6,-2.43290
698.7,-2.43611
698.8,-2.43933
698.9,-2.44255
699.0,-2.44576
699.1,-2.44898
699.2,-2.45220
699.3,-2.45541
699.4,-2.45863
699.5,-2.46184
699.6,-2.46506
699.7,-2.46828
699.8,-2.47149
699.9,-2.47471
700.0,-2.47792
700.1,-2.48114
700.2,-2.48436
700.3,-2.48757
700.4,-2.49079
700.5,-2.49400
700.6,-2.49722
700.7,-2.50043
700.8,-2.50365
700.9,-2.50686
701.0,-2.51008
701.1,-2.51330
701.2,-2.51651
701.3,-2.51973
701.4,-2.52295
701.5,-2.52617
701.6,-2.52939
701.7,-2.53261
701.8,-2.53583
701.9,-2.53906
702.0,-2.54228
702.1,-2.54551
702.2,-2.54873
702.3,-2.55196
702.4,-2.55519
702.5,-2.55842
702.6,-2.56165
702.7,-2.56488
702.8,-2.56812
702.9,-2.57136
703.0,-2.57459
703.1,-2.57783
703.2,-2.58108
703.3,-2.58432
703.4,-2.58757
703.5,-2.59081
703.6,-2.59406
703.7,-2.59732
703.8,-2.60057
703.9,-2.60383
704.0,-2.60709
704.1,-2.61035
704.2,-2.61361
704.3,-2.61688
704.4,-2.62015
704.5,-2.62342
704.6,-2.62669
704.7,-2.62997
704.8,-2.63325
704.9,-2.63654
705.0,-2.63982
705.1,-2.64311
705.2,-2.64641
705.3,-2.64970
705.4,-2.65300
705.5,-2.65630
705.6,-2.65961
705.7,-2.66291
705.8,-2.66622
705.9,-2.66954
706.0,-2.67285
706.1,-2.67617
706.2,-2.67949
706.3,-2.68281
706.4,-2.68614
706.5,-2.68946
706.6,-2.69279
706.7,-2.69612
706.8,-2.69946
706.9,-2.70279
707.0,-2.70613
707.1,-2.70947
707.2,-2.71281
707.3,-2.71615
707.4,-2.71950
707.5,-2.72284
707.6,-2.72619
707.7,-2.72954
707.8,-2.73289
707.9,-2.73624
708.0,-2.73960
708.1,-2.74295
708.2,-2.74631
708.3,-2.74966
708.4,-2.75302
708.5,-2.75638
708.6,-2.75974
708.7,-2.76310
708.8,-2.76646
708.9,-2.76983
709.0,-2.77319
709.1,-2.77655
709.2,-2.77992
709.3,-2.78328
709.4,-2.78665
709.5,-2.79002
709.6,-2.79338
709.7,-2.79675
709.8,-2.80012
709.9,-2.80348
710.0,-2.80685
710.1,-2.81022
710.2,-2.81358
710.3,-2.81695
710.4,-2.82032
710.5,-2.82368
710.6,-2.82705
710.7,-2.83042
710.8,-2.83378
710.9,-2.83715
711.0,-2.84051
711.1,-2.84388
711.2,-2.84724
711.3,-2.85061
711.4,-2.85397
711.5,-2.85733
711.6,-2.86069
711.7,-2.86405
711.8,-2.86741
711.9,-2.87077
712.0,-2.87413
712.1,-2.87749
712.2,-2.88084
712.3,-2.88420
712.4,-2.88755
712.5,-2.89091
712.6,-2.89426
712.7,-2.89761
712.8,-2.90096
712.9,-2.90430
713.0,-2.90765
713.1,-2.91099
713.2,-2.91434
713.3,-2.91768
713.4,-2.92102
713.5,-2.92436
713.6,-2.92769
713.7,-2.93103
713.8,-2.93436
713.9,-2.93769
714.0,-2.94102
714.1,-2.94434
714.2,-2.94767
714.3,-2.95099
714.4,-2.95431
714.5,-2.95763
714.6,-2.96095
714.7,-2.96426
714.8,-2.96757
714.9,-2.97088
715.0,-2.97419
715.1,-2.97749
715.2,-2.98079
715.3,-2.98409
715.4,-2.98739
715.5,-2.99068
715.6,-2.99397
715.7,-2.99726
715.8,-3.00055
715.9,-3.00384
716.0,-3.00712
716.1,-3.01041
716.2,-3.01369
716.3,-3.01696
716.4,-3.02024
716.5,-3.02352
716.6,-3.02679
716.7,-3.03006
716.8,-3.03334
716.9,-3.03661
717.0,-3.03987
717.1,-3.04314
717.2,-3.04641
717.3,-3.04967
717.4,-3.05294
717.5,-3.05620
717.6,-3.05946
717.7,-3.06273
717.8,-3.06599
717.9,-3.06925
718.0,-3.07251
718.1,-3.07577
718.2,-3.07903
718.3,-3.08228
718.4,-3.08554
718.5,-3.08880
718.6,-3.09206
718.7,-3.09532
718.8,-3.09857
718.9,-3.10183
719.0,-3.10509
719.1,-3.10835
719.2,-3.11160
719.3,-3.11486
719.4,-3.11812
719.5,-3.12138
719.6,-3.12464
719.7,-3.12790
719.8,-3.13116
719.9,-3.13442
720.0,-3.13768
720.1,-3.14094
720.2,-3.14421
720.3,-3.14747
720.4,-3.15074
720.5,-3.15400
720.6,-3.15727
720.7,-3.16053
720.8,-3.16380
720.9,-3.16707
721.0,-3.17034
721.1,-3.17360
721.2,-3.17687
721.3,-3.18014
721.4,-3.18341
721.5,-3.18667
721.6,-3.18994
721.7,-3.19321
721.8,-3.19648
721.9,-3.19974
722.0,-3.20301
722.1,-3.20628
722.2,-3.20954
722.3,-3.21281
722.4,-3.21608
722.5,-3.21934
722.6,-3.22261
722.7,-3.22587
722.8,-3.22913
722.9,-3.23239
723.0,-3.23565
723.1,-3.23891
723.2,-3.24217
723.3,-3.24543
723.4,-3.24869
723.5,-3.25195
723.6,-3.25520
723.7,-3.25845
723.8,-3.26171
723.9,-3.26496
724.0,-3.26821
724.1,-3.27146
724.2,-3.27470
724.3,-3.27795
724.4,-3.28119
724.5,-3.28443
724.6,-3.28767
724.7,-3.29091
724.8,-3.29415
724.9,-3.29738
725.0,-3.30061
725.1,-3.30384
725.2,-3.30707
725.3,-3.31030
725.4,-3.31352
725.5,-3.31674
725.6,-3.31996
725.7,-3.32318
725.8,-3.32640
725.9,-3.32961
726.0,-3.33283
726.1,-3.33604
726.2,-3.33925
726.3,-3.34246
726.4,-3.34567
726.5,-3.34887
726.6,-3.35208
726.7,-3.35528
726.8,-3.35848
726.9,-3.36168
727.0,-3.36488
727.1,-3.36807
727.2,-3.37127
727.3,-3.37447
727.4,-3.37766
727.5,-3.38085
727.6,-3.38404
727.7,-3.38723
727.8,-3.39042
727.9,-3.39361
728.0,-3.39680
728.1,-3.39998
728.2,-3.40317
728.3,-3.40635
728.4,-3.40954
728.5,-3.41272
728.6,-3.41590
728.7,-3.41908
728.8,-3.42227
728.9,-3.42545
729.0,-3.42863
729.1,-3.43180
729.2,-3.43498
729.3,-3.43816
729.4,-3.44134
729.5,-3.44452
729.6,-3.44769
729.7,-3.45087
729.8,-3.45405
729.9,-3.45722
730.0,-3.46040
730.1,-3.46357
730.2,-3.46675
730.3,-3.46992
730.4,-3.47310
730.5,-3.47627
730.6,-3.47945
730.7,-3.48263
730.8,-3.48580
730.9,-3.48898
731.0,-3.49215
731.1,-3.49533
731.2,-3.49850
731.3,-3.50168
731.4,-3.50485
731.5,-3.50803
731.6,-3.51121
731.7,-3.51438
731.8,-3.51756
731.9,-3.52074
732.0,-3.52391
732.1,-3.52709
732.2,-3.53027
732.3,-3.53345
732.4,-3.53663
732.5,-3.53981
732.6,-3.54299
732.7,-3.54617
732.8,-3.54935
732.9,-3.55253
733.0,-3.55572
733.1,-3.55890
733.2,-3.56209
733.3,-3.56527
733.4,-3.56846
733.5,-3.57164
733.6,-3.57483
733.7,-3.57802
733.8,-3.58121
733.9,-3.58440
734.0,-3.58759
734.1,-3.59078
734.2,-3.59397
734.3,-3.59717
734.4,-3.60036
734.5,-3.60356
734.6,-3.60675
734.7,-3.60995
734.8,-3.61315
734.9,-3.61635
735.0,-3.61955
735.1,-3.62275
735.2,-3.62596
735.3,-3.62916
735.4,-3.63237
735.5,-3.63558
735.6,-3.63878
735.7,-3.64199
735.8,-3.64520
735.9,-3.64841
736.0,-3.65162
736.1,-3.65483
736.2,-3.65804
736.3,-3.66125
736.4,-3.66445
736.5,-3.66766
736.6,-3.67087
736.7,-3.67408
736.8,-3.67729
736.9,-3.68050
737.0,-3.68370
737.1,-3.68691
737.2,-3.69011
737.3,-3.69332
737.4,-3.69652
737.5,-3.69972
737.6,-3.70292
737.7,-3.70612
737.8,-3.70931
737.9,-3.71251
738.0,-3.71570
738.1,-3.71889
738.2,-3.72208
738.3,-3.72527
738.4,-3.72846
738.5,-3.73164
738.6,-3.73482
738.7,-3.73800
738.8,-3.74117
738.9,-3.74435
739.0,-3.74751
739.1,-3.75068
739.2,-3.75385
739.3,-3.75701
739.4,-3.76016
739.5,-3.76332
739.6,-3.76647
739.7,-3.76962
739.8,-3.77276
739.9,-3.77590
740.0,-3.77903
740.1,-3.78217
740.2,-3.78529
740.3,-3.78842
740.4,-3.79154
740.5,-3.79466
740.6,-3.79777
740.7,-3.80088
740.8,-3.80399
740.9,-3.80709
741.0,-3.81019
741.1,-3.81329
741.2,-3.81639
741.3,-3.81948
741.4,-3.82257
741.5,-3.82566
741.6,-3.82875
741.7,-3.83183
741.8,-3.83491
741.9,-3.83799
742.0,-3.84107
742.1,-3.84415
742.2,-3.84722
742.3,-3.85030
742.4,-3.85337
742.5,-3.85644
742.6,-3.85951
742.7,-3.86258
742.8,-3.86565
742.9,-3.86871
743.0,-3.87178
743.1,-3.87484
743.2,-3.87791
743.3,-3.88097
743.4,-3.88404
743.5,-3.88710
743.6,-3.89017
743.7,-3.89323
743.8,-3.89630
743.9,-3.89936
744.0,-3.90243
744.1,-3.90550
744.2,-3.90856
744.3,-3.91163
744.4,-3.91470
744.5,-3.91777
744.6,-3.92084
744.7,-3.92391
744.8,-3.92699
744.9,-3.93006
745.0,-3.93314
745.1,-3.93622
745.2,-3.93930
745.3,-3.94238
745.4,-3.94546
745.5,-3.94855
745.6,-3.95163
745.7,-3.95472
745.8,-3.95781
745.9,-3.96090
746.0,-3.96399
746.1,-3.96708
746.2,-3.97018
746.3,-3.97327
746.4,-3.97637
746.5,-3.97946
746.6,-3.98256
746.7,-3.98565
746.8,-3.98875
746.9,-3.99185
747.0,-3.99495
747.1,-3.99805
747.2,-4.00115
747.3,-4.00424
747.4,-4.00734
747.5,-4.01044
747.6,-4.01354
747.7,-4.01664
747.8,-4.01974
747.9,-4.02284
748.0,-4.02594
748.1,-4.02904
748.2,-4.03214
748.3,-4.03524
748.4,-4.03833
748.5,-4.04143
748.6,-4.04453
748.7,-4.04762
748.8,-4.05072
748.9,-4.05381
749.0,-4.05691
749.1,-4.06000
749.2,-4.06309
749.3,-4.06618
749.4,-4.06927
749.5,-4.07236
749.6,-4.07544
749.7,-4.07853
749.8,-4.08161
749.9,-4.08470
750.0,-4.08778
750.1,-4.09086
750.2,-4.09393
750.3,-4.09701
750.4,-4.10008
750.5,-4.10316
750.6,-4.10623
750.7,-4.10930
750.8,-4.11237
750.9,-4.11543
751.0,-4.11850
751.1,-4.12156
751.2,-4.12462
751.3,-4.12768
751.4,-4.13074
751.5,-4.13380
751.6,-4.13686
751.7,-4.13991
751.8,-4.14296
751.9,-4.14602
752.0,-4.14907
752.1,-4.15212
752.2,-4.15516
752.3,-4.15821
752.4,-4.16126
752.5,-4.16430
752.6,-4.16734
752.7,-4.17038
752.8,-4.17342
752.9,-4.17646
753.0,-4.17950
753.1,-4.18253
753.2,-4.18557
753.3,-4.18860
753.4,-4.19163
753.5,-4.19466
753.6,-4.19769
753.7,-4.20072
753.8,-4.20375
753.9,-4.20677
754.0,-4.20980
754.1,-4.21282
754.2,-4.21584
754.3,-4.21887
754.4,-4.22189
754.5,-4.22490
754.6,-4.22792
754.7,-4.23094
754.8,-4.23395
754.9,-4.23697
755.0,-4.23998
755.1,-4.24300
755.2,-4.24601
755.3,-4.24902
755.4,-4.25203
755.5,-4.25503
755.6,-4.25804
755.7,-4.26105
755.8,-4.26405
755.9,-4.26706
756.0,-4.27006
756.1,-4.27307
756.2,-4.27607
756.3,-4.27907
756.4,-4.28207
756.5,-4.28507
756.6,-4.28807
756.7,-4.29107
756.8,-4.29407
756.9,-4.29707
757.0,-4.30007
757.1,-4.30306
757.2,-4.30606
757.3,-4.30906
757.4,-4.31205
757.5,-4.31505
757.6,-4.31805
757.7,-4.32104
757.8,-4.32404
757.9,-4.32703
758.0,-4.33003
758.1,-4.33302
758.2,-4.33601
758.3,-4.33901
758.4,-4.34200
758.5,-4.34500
758.6,-4.34799
758.7,-4.35098
758.8,-4.35398
758.9,-4.35697
759.0,-4.35997
759.1,-4.36296
759.2,-4.36596
759.3,-4.36895
759.4,-4.37195
759.5,-4.37494
759.6,-4.37794
759.7,-4.38093
759.8,-4.38393
759.9,-4.38693
760.0,-4.38992
760.1,-4.39292
760.2,-4.39592
760.3,-4.39892
760.4,-4.40192
760.5,-4.40491
760.6,-4.40791
760.7,-4.41091
760.8,-4.41391
760.9,-4.41691
761.0,-4.41991
761.1,-4.42291
761.2,-4.42591
761.3,-4.42891
761.4,-4.43191
761.5,-4.43490
761.6,-4.43790
761.7,-4.44090
761.8,-4.44390
761.9,-4.44689
762.0,-4.44989
762.1,-4.45288
762.2,-4.45588
762.3,-4.45887
762.4,-4.46186
762.5,-4.46486
762.6,-4.46785
762.7,-4.47084
762.8,-4.47383
762.9,-4.47681
763.0,-4.47980
763.1,-4.48279
763.2,-4.48577
763.3,-4.48876
763.4,-4.49174
763.5,-4.49472
763.6,-4.49770
763.7,-4.50068
763.8,-4.50365
763.9,-4.50663
764.0,-4.50960
764.1,-4.51257
764.2,-4.51554
764.3,-4.51851
764.4,-4.52147
764.5,-4.52444
764.6,-4.52740
764.7,-4.53036
764.8,-4.53332
764.9,-4.53627
765.0,-4.53923
765.1,-4.54218
765.2,-4.54513
765.3,-4.54808
765.4,-4.55102
765.5,-4.55397
765.6,-4.55691
765.7,-4.55985
765.8,-4.56278
765.9,-4.56572
766.0,-4.56866
766.1,-4.57159
766.2,-4.57452
766.3,-4.57745
766.4,-4.58038
766.5,-4.58331
766.6,-4.58624
766.7,-4.58917
766.8,-4.59209
766.9,-4.59502
767.0,-4.59794
767.1,-4.60086
767.2,-4.60379
767.3,-4.60671
767.4,-4.60963
767.5,-4.61256
767.6,-4.61548
767.7,-4.61840
767.8,-4.62132
767.9,-4.62424
768.0,-4.62716
768.1,-4.63009
768.2,-4.63301
768.3,-4.63593
768.4,-4.63886
768.5,-4.64178
768.6,-4.64470
768.7,-4.64763
768.8,-4.65055
768.9,-4.65348
769.0,-4.65641
769.1,-4.65934
769.2,-4.66227
769.3,-4.66520
769.4,-4.66813
769.5,-4.67106
769.6,-4.67400
769.7,-4.67693
769.8,-4.67987
769.9,-4.68281
770.0,-4.68575
770.1,-4.68870
770.2,-4.69164
770.3,-4.69459
770.4,-4.69754
770.5,-4.70049
770.6,-4.70344
770.7,-4.70639
770.8,-4.70934
770.9,-4.71229
771.0,-4.71525
771.1,-4.71821
771.2,-4.72116
771.3,-4.72412
771.4,-4.72708
771.5,-4.73003
771.6,-4.73299
771.7,-4.73595
771.8,-4.73891
771.9,-4.74186
772.0,-4.74482
772.1,-4.74778
772.2,-4.75074
772.3,-4.75369
772.4,-4.75665
772.5,-4.75960
772.6,-4.76256
772.7,-4.76551
772.8,-4.76846
772.9,-4.77141
773.0,-4.77436
773.1,-4.77731
773.2,-4.78026
773.3,-4.78321
773.4,-4.78615
773.5,-4.78909
773.6,-4.79203
773.7,-4.79497
773.8,-4.79791
773.9,-4.80084
774.0,-4.80377
774.1,-4.80670
774.2,-4.80963
774.3,-4.81255
774.4,-4.81547
774.5,-4.81839
774.6,-4.82131
774.7,-4.82422
774.8,-4.82713
774.9,-4.83003
775.0,-4.83294
775.1,-4.83584
775.2,-4.83873
775.3,-4.84162
775.4,-4.84451
775.5,-4.84740
775.6,-4.85028
775.7,-4.85316
775.8,-4.85604
775.9,-4.85891
776.0,-4.86179
776.1,-4.86466
776.2,-4.86752
776.3,-4.87039
776.4,-4.87325
776.5,-4.87611
776.6,-4.87896
776.7,-4.88182
776.8,-4.88467
776.9,-4.88752
777.0,-4.89037
777.1,-4.89322
777.2,-4.89606
777.3,-4.89891
777.4,-4.90175
777.5,-4.90459
777.6,-4.90743
777.7,-4.91027
777.8,-4.91310
777.9,-4.91594
778.0,-4.91877
778.1,-4.92161
778.2,-4.92444
778.3,-4.92727
778.4,-4.93010
778.5,-4.93293
778.6,-4.93576
778.7,-4.93859
778.8,-4.94142
778.9,-4.94425
779.0,-4.94708
779.1,-4.94991
779.2,-4.95274
779.3,-4.95556
779.4,-4.95839
779.5,-4.96122
779.6,-4.96405
779.7,-4.96688
779.8,-4.96971
779.9,-4.97254
780.0,-4.97537
780.1,-4.97820
780.2,-4.98103
780.3,-4.98386
780.4,-4.98670
780.5,-4.98953
780.6,-4.99236
780.7,-4.99520
780.8,-4.99803
780.9,-5.00087
781.0,-5.00371
781.1,-5.00654
781.2,-5.00938
781.3,-5.01222
781.4,-5.01505
781.5,-5.01789
781.6,-5.02073
781.7,-5.02357
781.8,-5.02640
781.9,-5.02924
782.0,-5.03208
782.1,-5.03492
782.2,-5.03776
782.3,-5.04059
782.4,-5.04343
782.5,-5.04627
782.6,-5.04911
782.7,-5.05195
782.8,-5.05478
782.9,-5.05762
783.0,-5.06046
783.1,-5.06329
783.2,-5.06613
783.3,-5.06897
783.4,-5.07180
783.5,-5.07464
783.6,-5.07747
783.7,-5.08031
783.8,-5.08314
783.9,-5.08598
784.0,-5.08881
784.1,-5.09164
784.2,-5.09447
784.3,-5.09730
784.4,-5.10013
784.5,-5.10296
784.6,-5.10579
784.7,-5.10862
784.8,-5.11145
784.9,-5.11428
785.0,-5.11710
785.1,-5.11993
785.2,-5.12275
785.3,-5.12557
785.4,-5.12840
785.5,-5.13122
785.6,-5.13404
785.7,-5.13686
785.8,-5.13968
785.9,-5.14249
786.0,-5.14531
786.1,-5.14813
786.2,-5.15095
786.3,-5.15376
786.4,-5.15658
786.5,-5.15939
786.6,-5.16220
786.7,-5.16502
786.8,-5.16783
786.9,-5.17064
787.0,-5.17345
787.1,-5.17626
787.2,-5.17907
787.3,-5.18188
787.4,-5.18469
787.5,-5.18750
787.6,-5.19031
787.7,-5.19312
787.8,-5.19593
787.9,-5.19874
788.0,-5.20154
788.1,-5.20435
788.2,-5.20716
788.3,-5.20996
788.4,-5.21277
788.5,-5.21557
788.6,-5.21838
788.7,-5.22119
788.8,-5.22399
788.9,-5.22680
789.0,-5.22960
789.1,-5.23240
789.2,-5.23521
789.3,-5.23801
789.4,-5.24082
789.5,-5.24362
789.6,-5.24643
789.7,-5.24923
789.8,-5.25204
789.9,-5.25484
790.0,-5.25764
790.1,-5.26045
790.2,-5.26325
790.3,-5.26606
790.4,-5.26886
790.5,-5.27167
790.6,-5.27447
790.7,-5.27727
790.8,-5.28008
790.9,-5.28288
791.0,-5.28569
791.1,-5.28849
791.2,-5.29129
791.3,-5.29409
791.4,-5.29690
791.5,-5.29970
791.6,-5.30250
791.7,-5.30530
791.8,-5.30810
791.9,-5.31090
792.0,-5.31370
792.1,-5.31650
792.2,-5.31930
792.3,-5.32210
792.4,-5.32490
792.5,-5.32770
792.6,-5.33049
792.7,-5.33329
792.8,-5.33608
792.9,-5.33888
793.0,-5.34167
793.1,-5.34447
793.2,-5.34726
793.3,-5.35005
793.4,-5.35284
793.5,-5.35563
793.6,-5.35842
793.7,-5.36120
793.8,-5.36399
793.9,-5.36678
794.0,-5.36956
794.1,-5.37234
794.2,-5.37513
794.3,-5.37791
794.4,-5.38069
794.5,-5.38347
794.6,-5.38624
794.7,-5.38902
794.8,-5.39180
794.9,-5.39457
795.0,-5.39734
795.1,-5.40011
795.2,-5.40288
795.3,-5.40565
795.4,-5.40842
795.5,-5.41118
795.6,-5.41395
795.7,-5.41671
795.8,-5.41947
795.9,-5.42223
796.0,-5.42499
796.1,-5.42775
796.2,-5.43051
796.3,-5.43326
796.4,-5.43602
796.5,-5.43877
796.6,-5.44152
796.7,-5.44427
796.8,-5.44702
796.9,-5.44977
797.0,-5.45251
797.1,-5.45526
797.2,-5.45800
797.3,-5.46074
797.4,-5.46348
797.5,-5.46622
797.6,-5.46896
797.7,-5.47170
797.8,-5.47443
797.9,-5.47717
798.0,-5.47990
798.1,-5.48263
798.2,-5.48536
798.3,-5.48809
798.4,-5.49082
798.5,-5.49355
798.6,-5.49627
798.7,-5.49900
798.8,-5.50172
798.9,-5.50444
799.0,-5.50716
799.1,-5.50988
799.2,-5.51260
799.3,-5.51532
799.4,-5.51803
799.5,-5.52075
799.6,-5.52346
799.7,-5.52617
799.8,-5.52888
799.9,-5.53159
800.0,-5.53430
800.1,-5.53701
800.2,-5.53971
800.3,-5.54242
800.4,-5.54512
800.5,-5.54782
800.6,-5.55053
800.7,-5.55323
800.8,-5.55593
800.9,-5.55863
801.0,-5.56132
801.1,-5.56402
801.2,-5.56672
801.3,-5.56941
801.4,-5.57211
801.5,-5.57481
801.6,-5.57750
801.7,-5.58019
801.8,-5.58289
801.9,-5.58558
802.0,-5.58828
802.1,-5.59097
802.2,-5.59366
802.3,-5.59635
802.4,-5.59905
802.5,-5.60174
802.6,-5.60443
802.7,-5.60712
802.8,-5.60982
802.9,-5.61251
803.0,-5.61520
803.1,-5.61790
803.2,-5.62059
803.3,-5.62328
803.4,-5.62598
803.5,-5.62867
803.6,-5.63137
803.7,-5.63406
803.8,-5.63676
803.9,-5.63945
804.0,-5.64215
804.1,-5.64485
804.2,-5.64755
804.3,-5.65025
804.4,-5.65295
804.5,-5.65565
804.6,-5.65835
804.7,-5.66106
804.8,-5.66376
804.9,-5.66647
805.0,-5.66917
805.1,-5.67188
805.2,-5.67459
805.3,-5.67730
805.4,-5.68001
805.5,-5.68272
805.6,-5.68543
805.7,-5.68815
805.8,-5.69086
805.9,-5.69358
806.0,-5.69629
806.1,-5.69901
806.2,-5.70173
806.3,-5.70444
806.4,-5.70716
806.5,-5.70988
806.6,-5.71260
806.7,-5.71532
806.8,-5.71804
806.9,-5.72076
807.0,-5.72348
807.1,-5.72620
807.2,-5.72892
807.3,-5.73164
807.4,-5.73436
807.5,-5.73708
807.6,-5.73980
807.7,-5.74252
807.8,-5.74524
807.9,-5.74796
808.0,-5.75068
808.1,-5.75340
808.2,-5.75612
808.3,-5.75884
808.4,-5.76155
808.5,-5.76427
808.6,-5.76699
808.7,-5.76970
808.8,-5.77242
808.9,-5.77513
809.0,-5.77784
809.1,-5.78056
809.2,-5.78327
809.3,-5.78598
809.4,-5.78869
809.5,-5.79139
809.6,-5.79410
809.7,-5.79681
809.8,-5.79951
809.9,-5.80221
810.0,-5.80492
810.1,-5.80762
810.2,-5.81031
810.3,-5.81301
810.4,-5.81571
810.5,-5.81840
810.6,-5.82110
810.7,-5.82379
810.8,-5.82648
810.9,-5.82917
811.0,-5.83185
811.1,-5.83454
811.2,-5.83722
811.3,-5.83991
811.4,-5.84259
811.5,-5.84527
811.6,-5.84795
811.7,-5.85062
811.8,-5.85330
811.9,-5.85597
812.0,-5.85865
812.1,-5.86132
812.2,-5.86399
812.3,-5.86665
812.4,-5.86932
812.5,-5.87199
812.6,-5.87465
812.7,-5.87731
812.8,-5.87997
812.9,-5.88263
813.0,-5.88529
813.1,-5.88795
813.2,-5.89060
813.3,-5.89325
813.4,-5.89590
813.5,-5.89855
813.6,-5.90120
813.7,-5.90385
813.8,-5.90650
813.9,-5.90914
814.0,-5.91178
814.1,-5.91442
814.2,-5.91706
814.3,-5.91970
814.4,-5.92234
814.5,-5.92497
814.6,-5.92760
814.7,-5.93023
814.8,-5.93286
814.9,-5.93549
815.0,-5.93812
815.1,-5.94074
815.2,-5.94337
815.3,-5.94599
815.4,-5.94861
815.5,-5.95123
815.6,-5.95385
815.7,-5.95646
815.8,-5.95908
815.9,-5.96169
816.0,-5.96430
816.1,-5.96692
816.2,-5.96953
816.3,-5.97213
816.4,-5.97474
816.5,-5.97735
816.6,-5.97996
816.7,-5.98256
816.8,-5.98516
816.9,-5.98777
817.0,-5.99037
817.1,-5.99297
817.2,-5.99557
817.3,-5.99817
817.4,-6.00077
817.5,-6.00337
817.6,-6.00597
817.7,-6.00856
817.8,-6.01116
817.9,-6.01376
818.0,-6.01635
818.1,-6.01895
818.2,-6.02154
818.3,-6.02414
818.4,-6.02673
818.5,-6.02932
818.6,-6.03192
818.7,-6.03451
818.8,-6.03710
818.9,-6.03970
819.0,-6.04229
819.1,-6.04488
819.2,-6.04747
819.3,-6.05007
819.4,-6.05266
819.5,-6.05525
819.6,-6.05785
819.7,-6.06044
819.8,-6.06303
819.9,-6.06563
820.0,-6.06822
820.1,-6.07081
820.2,-6.07341
820.3,-6.07600
820.4,-6.07860
820.5,-6.08119
820.6,-6.08379
820.7,-6.08638
820.8,-6.08898
820.9,-6.09157
821.0,-6.09417
821.1,-6.09677
821.2,-6.09936
821.3,-6.10196
821.4,-6.10456
821.5,-6.10715
821.6,-6.10975
821.7,-6.11235
821.8,-6.11494
821.9,-6.11754
822.0,-6.12014
822.1,-6.12273
822.2,-6.12533
822.3,-6.12793
822.4,-6.13052
822.5,-6.13312
822.6,-6.13571
822.7,-6.13831
822.8,-6.14091
822.9,-6.14350
823.0,-6.14610
823.1,-6.14869
823.2,-6.15129
823.3,-6.15388
823.4,-6.15648
823.5,-6.15907
823.6,-6.16167
823.7,-6.16426
823.8,-6.16685
823.9,-6.16945
824.0,-6.17204
824.1,-6.17463
824.2,-6.17722
824.3,-6.17981
824.4,-6.18241
824.5,-6.18500
824.6,-6.18759
824.7,-6.19018
824.8,-6.19277
824.9,-6.19535
825.0,-6.19794
825.1,-6.20053
825.2,-6.20312
825.3,-6.20570
825.4,-6.20829
825.5,-6.21088
825.6,-6.21346
825.7,-6.21604
825.8,-6.21863
825.9,-6.22121
826.0,-6.22379
826.1,-6.22637
826.2,-6.22895
826.3,-6.23153
826.4,-6.23411
826.5,-6.23669
826.6,-6.23927
826.7,-6.24185
826.8,-6.24442
826.9,-6.24700
827.0,-6.24957
827.1,-6.25214
827.2,-6.25472
827.3,-6.25729
827.4,-6.25986
827.5,-6.26243
827.6,-6.26500
827.7,-6.26756
827.8,-6.27013
827.9,-6.27270
828.0,-6.27526
828.1,-6.27782
828.2,-6.28039
828.3,-6.28295
828.4,-6.28551
828.5,-6.28807
828.6,-6.29062
828.7,-6.29318
828.8,-6.29574
828.9,-6.29829
829.0,-6.30084
829.1,-6.30340
829.2,-6.30595
829.3,-6.30850
829.4,-6.31105
829.5,-6.31359
829.6,-6.31614
829.7,-6.31868
829.8,-6.32123
829.9,-6.32377
830.0,-6.32631